Country Name,Country Code,Year,Value
Afghanistan,AFG,1990 [YR1990],..
Albania,ALB,1990 [YR1990],..
Algeria,DZA,1990 [YR1990],..
American Samoa,ASM,1990 [YR1990],..
Andorra,AND,1990 [YR1990],..
Angola,AGO,1990 [YR1990],..
Antigua and Barbuda,ATG,1990 [YR1990],..
Argentina,ARG,1990 [YR1990],..
Armenia,ARM,1990 [YR1990],..
Aruba,ABW,1990 [YR1990],..
Australia,AUS,1990 [YR1990],..
Austria,AUT,1990 [YR1990],..
Azerbaijan,AZE,1990 [YR1990],..
"Bahamas, The",BHS,1990 [YR1990],..
Bahrain,BHR,1990 [YR1990],..
Bangladesh,BGD,1990 [YR1990],..
Barbados,BRB,1990 [YR1990],..
Belarus,BLR,1990 [YR1990],..
Belgium,BEL,1990 [YR1990],..
Belize,BLZ,1990 [YR1990],..
Benin,BEN,1990 [YR1990],..
Bermuda,BMU,1990 [YR1990],..
Bhutan,BTN,1990 [YR1990],..
Bolivia,BOL,1990 [YR1990],..
Bosnia and Herzegovina,BIH,1990 [YR1990],..
Botswana,BWA,1990 [YR1990],..
Brazil,BRA,1990 [YR1990],60.5
British Virgin Islands,VGB,1990 [YR1990],..
Brunei Darussalam,BRN,1990 [YR1990],..
Bulgaria,BGR,1990 [YR1990],..
Burkina Faso,BFA,1990 [YR1990],..
Burundi,BDI,1990 [YR1990],..
Cabo Verde,CPV,1990 [YR1990],..
Cambodia,KHM,1990 [YR1990],..
Cameroon,CMR,1990 [YR1990],..
Canada,CAN,1990 [YR1990],31.4
Cayman Islands,CYM,1990 [YR1990],..
Central African Republic,CAF,1990 [YR1990],..
Chad,TCD,1990 [YR1990],..
Channel Islands,CHI,1990 [YR1990],..
Chile,CHL,1990 [YR1990],57.2
China,CHN,1990 [YR1990],32.2
Colombia,COL,1990 [YR1990],..
Comoros,COM,1990 [YR1990],..
"Congo, Dem. Rep.",COD,1990 [YR1990],..
"Congo, Rep.",COG,1990 [YR1990],..
Costa Rica,CRI,1990 [YR1990],45.3
Cote d'Ivoire,CIV,1990 [YR1990],..
Croatia,HRV,1990 [YR1990],..
Cuba,CUB,1990 [YR1990],..
Curacao,CUW,1990 [YR1990],..
Cyprus,CYP,1990 [YR1990],..
Czechia,CZE,1990 [YR1990],..
Denmark,DNK,1990 [YR1990],..
Djibouti,DJI,1990 [YR1990],..
Dominica,DMA,1990 [YR1990],..
Dominican Republic,DOM,1990 [YR1990],..
Ecuador,ECU,1990 [YR1990],..
"Egypt, Arab Rep.",EGY,1990 [YR1990],32
El Salvador,SLV,1990 [YR1990],..
Equatorial Guinea,GNQ,1990 [YR1990],..
Eritrea,ERI,1990 [YR1990],..
Estonia,EST,1990 [YR1990],..
Eswatini,SWZ,1990 [YR1990],..
Ethiopia,ETH,1990 [YR1990],..
Faroe Islands,FRO,1990 [YR1990],..
Fiji,FJI,1990 [YR1990],..
Finland,FIN,1990 [YR1990],..
France,FRA,1990 [YR1990],32.1
French Polynesia,PYF,1990 [YR1990],..
Gabon,GAB,1990 [YR1990],..
"Gambia, The",GMB,1990 [YR1990],..
Georgia,GEO,1990 [YR1990],..
Germany,DEU,1990 [YR1990],..
Ghana,GHA,1990 [YR1990],..
Gibraltar,GIB,1990 [YR1990],..
Greece,GRC,1990 [YR1990],..
Greenland,GRL,1990 [YR1990],..
Grenada,GRD,1990 [YR1990],..
Guam,GUM,1990 [YR1990],..
Guatemala,GTM,1990 [YR1990],..
Guinea,GIN,1990 [YR1990],..
Guinea-Bissau,GNB,1990 [YR1990],..
Guyana,GUY,1990 [YR1990],..
Haiti,HTI,1990 [YR1990],..
Honduras,HND,1990 [YR1990],57.4
"Hong Kong SAR, China",HKG,1990 [YR1990],..
Hungary,HUN,1990 [YR1990],..
Iceland,ISL,1990 [YR1990],..
India,IND,1990 [YR1990],..
Indonesia,IDN,1990 [YR1990],32.3
"Iran, Islamic Rep.",IRN,1990 [YR1990],43.6
Iraq,IRQ,1990 [YR1990],..
Ireland,IRL,1990 [YR1990],..
Isle of Man,IMN,1990 [YR1990],..
Israel,ISR,1990 [YR1990],..
Italy,ITA,1990 [YR1990],..
Jamaica,JAM,1990 [YR1990],41.1
Japan,JPN,1990 [YR1990],..
Jordan,JOR,1990 [YR1990],..
Kazakhstan,KAZ,1990 [YR1990],..
Kenya,KEN,1990 [YR1990],..
Kiribati,KIR,1990 [YR1990],..
"Korea, Dem. People's Rep.",PRK,1990 [YR1990],..
"Korea, Rep.",KOR,1990 [YR1990],..
Kosovo,XKX,1990 [YR1990],..
Kuwait,KWT,1990 [YR1990],..
Kyrgyz Republic,KGZ,1990 [YR1990],..
Lao PDR,LAO,1990 [YR1990],..
Latvia,LVA,1990 [YR1990],..
Lebanon,LBN,1990 [YR1990],..
Lesotho,LSO,1990 [YR1990],..
Liberia,LBR,1990 [YR1990],..
Libya,LBY,1990 [YR1990],..
Liechtenstein,LIE,1990 [YR1990],..
Lithuania,LTU,1990 [YR1990],..
Luxembourg,LUX,1990 [YR1990],27.7
"Macao SAR, China",MAC,1990 [YR1990],..
Madagascar,MDG,1990 [YR1990],..
Malawi,MWI,1990 [YR1990],..
Malaysia,MYS,1990 [YR1990],..
Maldives,MDV,1990 [YR1990],..
Mali,MLI,1990 [YR1990],..
Malta,MLT,1990 [YR1990],..
Marshall Islands,MHL,1990 [YR1990],..
Mauritania,MRT,1990 [YR1990],..
Mauritius,MUS,1990 [YR1990],..
Mexico,MEX,1990 [YR1990],..
"Micronesia, Fed. Sts.",FSM,1990 [YR1990],..
Moldova,MDA,1990 [YR1990],..
Monaco,MCO,1990 [YR1990],..
Mongolia,MNG,1990 [YR1990],..
Montenegro,MNE,1990 [YR1990],..
Morocco,MAR,1990 [YR1990],39.2
Mozambique,MOZ,1990 [YR1990],..
Myanmar,MMR,1990 [YR1990],..
Namibia,NAM,1990 [YR1990],..
Nauru,NRU,1990 [YR1990],..
Nepal,NPL,1990 [YR1990],..
Netherlands,NLD,1990 [YR1990],31.1
New Caledonia,NCL,1990 [YR1990],..
New Zealand,NZL,1990 [YR1990],..
Nicaragua,NIC,1990 [YR1990],..
Niger,NER,1990 [YR1990],..
Nigeria,NGA,1990 [YR1990],..
North Macedonia,MKD,1990 [YR1990],..
Northern Mariana Islands,MNP,1990 [YR1990],..
Norway,NOR,1990 [YR1990],..
Oman,OMN,1990 [YR1990],..
Pakistan,PAK,1990 [YR1990],33.2
Palau,PLW,1990 [YR1990],..
Panama,PAN,1990 [YR1990],..
Papua New Guinea,PNG,1990 [YR1990],..
Paraguay,PRY,1990 [YR1990],40.8
Peru,PER,1990 [YR1990],..
Philippines,PHL,1990 [YR1990],..
Poland,POL,1990 [YR1990],..
Portugal,PRT,1990 [YR1990],..
Puerto Rico,PRI,1990 [YR1990],..
Qatar,QAT,1990 [YR1990],..
Romania,ROU,1990 [YR1990],..
Russian Federation,RUS,1990 [YR1990],..
Rwanda,RWA,1990 [YR1990],..
Samoa,WSM,1990 [YR1990],..
San Marino,SMR,1990 [YR1990],..
Sao Tome and Principe,STP,1990 [YR1990],..
Saudi Arabia,SAU,1990 [YR1990],..
Senegal,SEN,1990 [YR1990],..
Serbia,SRB,1990 [YR1990],..
Seychelles,SYC,1990 [YR1990],..
Sierra Leone,SLE,1990 [YR1990],..
Singapore,SGP,1990 [YR1990],..
Sint Maarten (Dutch part),SXM,1990 [YR1990],..
Slovak Republic,SVK,1990 [YR1990],..
Slovenia,SVN,1990 [YR1990],..
Solomon Islands,SLB,1990 [YR1990],..
Somalia,SOM,1990 [YR1990],..
South Africa,ZAF,1990 [YR1990],..
South Sudan,SSD,1990 [YR1990],..
Spain,ESP,1990 [YR1990],32
Sri Lanka,LKA,1990 [YR1990],32.4
St. Kitts and Nevis,KNA,1990 [YR1990],..
St. Lucia,LCA,1990 [YR1990],..
St. Martin (French part),MAF,1990 [YR1990],..
St. Vincent and the Grenadines,VCT,1990 [YR1990],..
Sudan,SDN,1990 [YR1990],..
Suriname,SUR,1990 [YR1990],..
Sweden,SWE,1990 [YR1990],..
Switzerland,CHE,1990 [YR1990],..
Syrian Arab Republic,SYR,1990 [YR1990],..
Tajikistan,TJK,1990 [YR1990],..
Tanzania,TZA,1990 [YR1990],..
Thailand,THA,1990 [YR1990],45.3
Timor-Leste,TLS,1990 [YR1990],..
Togo,TGO,1990 [YR1990],..
Tonga,TON,1990 [YR1990],..
Trinidad and Tobago,TTO,1990 [YR1990],..
Tunisia,TUN,1990 [YR1990],40.2
Turkiye,TUR,1990 [YR1990],..
Turkmenistan,TKM,1990 [YR1990],..
Turks and Caicos Islands,TCA,1990 [YR1990],..
Tuvalu,TUV,1990 [YR1990],..
Uganda,UGA,1990 [YR1990],..
Ukraine,UKR,1990 [YR1990],..
United Arab Emirates,ARE,1990 [YR1990],..
United Kingdom,GBR,1990 [YR1990],35.7
United States,USA,1990 [YR1990],38.3
Uruguay,URY,1990 [YR1990],..
Uzbekistan,UZB,1990 [YR1990],..
Vanuatu,VUT,1990 [YR1990],..
"Venezuela, RB",VEN,1990 [YR1990],..
Viet Nam,VNM,1990 [YR1990],..
Virgin Islands (U.S.),VIR,1990 [YR1990],..
West Bank and Gaza,PSE,1990 [YR1990],..
"Yemen, Rep.",YEM,1990 [YR1990],..
Zambia,ZMB,1990 [YR1990],..
Zimbabwe,ZWE,1990 [YR1990],..
,,1990 [YR1990],
,,1990 [YR1990],
,,1990 [YR1990],
,,1990 [YR1990],
,,1990 [YR1990],
Afghanistan,AFG,2000 [YR2000],..
Albania,ALB,2000 [YR2000],..
Algeria,DZA,2000 [YR2000],..
American Samoa,ASM,2000 [YR2000],..
Andorra,AND,2000 [YR2000],..
Angola,AGO,2000 [YR2000],52
Antigua and Barbuda,ATG,2000 [YR2000],..
Argentina,ARG,2000 [YR2000],51.1
Armenia,ARM,2000 [YR2000],..
Aruba,ABW,2000 [YR2000],..
Australia,AUS,2000 [YR2000],..
Austria,AUT,2000 [YR2000],29
Azerbaijan,AZE,2000 [YR2000],..
"Bahamas, The",BHS,2000 [YR2000],..
Bahrain,BHR,2000 [YR2000],..
Bangladesh,BGD,2000 [YR2000],33.4
Barbados,BRB,2000 [YR2000],..
Belarus,BLR,2000 [YR2000],31.2
Belgium,BEL,2000 [YR2000],33.1
Belize,BLZ,2000 [YR2000],..
Benin,BEN,2000 [YR2000],..
Bermuda,BMU,2000 [YR2000],..
Bhutan,BTN,2000 [YR2000],..
Bolivia,BOL,2000 [YR2000],61.6
Bosnia and Herzegovina,BIH,2000 [YR2000],..
Botswana,BWA,2000 [YR2000],..
Brazil,BRA,2000 [YR2000],..
British Virgin Islands,VGB,2000 [YR2000],..
Brunei Darussalam,BRN,2000 [YR2000],..
Bulgaria,BGR,2000 [YR2000],..
Burkina Faso,BFA,2000 [YR2000],..
Burundi,BDI,2000 [YR2000],..
Cabo Verde,CPV,2000 [YR2000],..
Cambodia,KHM,2000 [YR2000],..
Cameroon,CMR,2000 [YR2000],..
Canada,CAN,2000 [YR2000],33.4
Cayman Islands,CYM,2000 [YR2000],..
Central African Republic,CAF,2000 [YR2000],..
Chad,TCD,2000 [YR2000],..
Channel Islands,CHI,2000 [YR2000],..
Chile,CHL,2000 [YR2000],52.8
China,CHN,2000 [YR2000],..
Colombia,COL,2000 [YR2000],58.7
Comoros,COM,2000 [YR2000],..
"Congo, Dem. Rep.",COD,2000 [YR2000],..
"Congo, Rep.",COG,2000 [YR2000],..
Costa Rica,CRI,2000 [YR2000],47.4
Cote d'Ivoire,CIV,2000 [YR2000],..
Croatia,HRV,2000 [YR2000],..
Cuba,CUB,2000 [YR2000],..
Curacao,CUW,2000 [YR2000],..
Cyprus,CYP,2000 [YR2000],..
Czechia,CZE,2000 [YR2000],..
Denmark,DNK,2000 [YR2000],23.8
Djibouti,DJI,2000 [YR2000],..
Dominica,DMA,2000 [YR2000],..
Dominican Republic,DOM,2000 [YR2000],51.5
Ecuador,ECU,2000 [YR2000],56.4
"Egypt, Arab Rep.",EGY,2000 [YR2000],..
El Salvador,SLV,2000 [YR2000],51.5
Equatorial Guinea,GNQ,2000 [YR2000],..
Eritrea,ERI,2000 [YR2000],..
Estonia,EST,2000 [YR2000],..
Eswatini,SWZ,2000 [YR2000],53.1
Ethiopia,ETH,2000 [YR2000],..
Faroe Islands,FRO,2000 [YR2000],..
Fiji,FJI,2000 [YR2000],..
Finland,FIN,2000 [YR2000],27.2
France,FRA,2000 [YR2000],32.6
French Polynesia,PYF,2000 [YR2000],..
Gabon,GAB,2000 [YR2000],..
"Gambia, The",GMB,2000 [YR2000],..
Georgia,GEO,2000 [YR2000],40.5
Germany,DEU,2000 [YR2000],28.8
Ghana,GHA,2000 [YR2000],..
Gibraltar,GIB,2000 [YR2000],..
Greece,GRC,2000 [YR2000],34.2
Greenland,GRL,2000 [YR2000],..
Grenada,GRD,2000 [YR2000],..
Guam,GUM,2000 [YR2000],..
Guatemala,GTM,2000 [YR2000],54.2
Guinea,GIN,2000 [YR2000],..
Guinea-Bissau,GNB,2000 [YR2000],..
Guyana,GUY,2000 [YR2000],..
Haiti,HTI,2000 [YR2000],..
Honduras,HND,2000 [YR2000],..
"Hong Kong SAR, China",HKG,2000 [YR2000],..
Hungary,HUN,2000 [YR2000],..
Iceland,ISL,2000 [YR2000],..
India,IND,2000 [YR2000],..
Indonesia,IDN,2000 [YR2000],29.5
"Iran, Islamic Rep.",IRN,2000 [YR2000],..
Iraq,IRQ,2000 [YR2000],..
Ireland,IRL,2000 [YR2000],33
Isle of Man,IMN,2000 [YR2000],..
Israel,ISR,2000 [YR2000],..
Italy,ITA,2000 [YR2000],35.3
Jamaica,JAM,2000 [YR2000],..
Japan,JPN,2000 [YR2000],..
Jordan,JOR,2000 [YR2000],..
Kazakhstan,KAZ,2000 [YR2000],..
Kenya,KEN,2000 [YR2000],..
Kiribati,KIR,2000 [YR2000],..
"Korea, Dem. People's Rep.",PRK,2000 [YR2000],..
"Korea, Rep.",KOR,2000 [YR2000],..
Kosovo,XKX,2000 [YR2000],..
Kuwait,KWT,2000 [YR2000],..
Kyrgyz Republic,KGZ,2000 [YR2000],31
Lao PDR,LAO,2000 [YR2000],..
Latvia,LVA,2000 [YR2000],..
Lebanon,LBN,2000 [YR2000],..
Lesotho,LSO,2000 [YR2000],..
Liberia,LBR,2000 [YR2000],..
Libya,LBY,2000 [YR2000],..
Liechtenstein,LIE,2000 [YR2000],..
Lithuania,LTU,2000 [YR2000],..
Luxembourg,LUX,2000 [YR2000],30.1
"Macao SAR, China",MAC,2000 [YR2000],..
Madagascar,MDG,2000 [YR2000],..
Malawi,MWI,2000 [YR2000],..
Malaysia,MYS,2000 [YR2000],..
Maldives,MDV,2000 [YR2000],..
Mali,MLI,2000 [YR2000],..
Malta,MLT,2000 [YR2000],..
Marshall Islands,MHL,2000 [YR2000],..
Mauritania,MRT,2000 [YR2000],39
Mauritius,MUS,2000 [YR2000],..
Mexico,MEX,2000 [YR2000],52.6
"Micronesia, Fed. Sts.",FSM,2000 [YR2000],..
Moldova,MDA,2000 [YR2000],36.4
Monaco,MCO,2000 [YR2000],..
Mongolia,MNG,2000 [YR2000],..
Montenegro,MNE,2000 [YR2000],..
Morocco,MAR,2000 [YR2000],40.6
Mozambique,MOZ,2000 [YR2000],..
Myanmar,MMR,2000 [YR2000],..
Namibia,NAM,2000 [YR2000],..
Nauru,NRU,2000 [YR2000],..
Nepal,NPL,2000 [YR2000],..
Netherlands,NLD,2000 [YR2000],..
New Caledonia,NCL,2000 [YR2000],..
New Zealand,NZL,2000 [YR2000],..
Nicaragua,NIC,2000 [YR2000],..
Niger,NER,2000 [YR2000],..
Nigeria,NGA,2000 [YR2000],..
North Macedonia,MKD,2000 [YR2000],..
Northern Mariana Islands,MNP,2000 [YR2000],..
Norway,NOR,2000 [YR2000],27.4
Oman,OMN,2000 [YR2000],..
Pakistan,PAK,2000 [YR2000],..
Palau,PLW,2000 [YR2000],..
Panama,PAN,2000 [YR2000],56.6
Papua New Guinea,PNG,2000 [YR2000],..
Paraguay,PRY,2000 [YR2000],..
Peru,PER,2000 [YR2000],49.1
Philippines,PHL,2000 [YR2000],47.7
Poland,POL,2000 [YR2000],..
Portugal,PRT,2000 [YR2000],..
Puerto Rico,PRI,2000 [YR2000],..
Qatar,QAT,2000 [YR2000],..
Romania,ROU,2000 [YR2000],..
Russian Federation,RUS,2000 [YR2000],37.1
Rwanda,RWA,2000 [YR2000],48.5
Samoa,WSM,2000 [YR2000],..
San Marino,SMR,2000 [YR2000],..
Sao Tome and Principe,STP,2000 [YR2000],32.1
Saudi Arabia,SAU,2000 [YR2000],..
Senegal,SEN,2000 [YR2000],..
Serbia,SRB,2000 [YR2000],..
Seychelles,SYC,2000 [YR2000],..
Sierra Leone,SLE,2000 [YR2000],..
Singapore,SGP,2000 [YR2000],..
Sint Maarten (Dutch part),SXM,2000 [YR2000],..
Slovak Republic,SVK,2000 [YR2000],..
Slovenia,SVN,2000 [YR2000],..
Solomon Islands,SLB,2000 [YR2000],..
Somalia,SOM,2000 [YR2000],..
South Africa,ZAF,2000 [YR2000],57.8
South Sudan,SSD,2000 [YR2000],..
Spain,ESP,2000 [YR2000],34.1
Sri Lanka,LKA,2000 [YR2000],..
St. Kitts and Nevis,KNA,2000 [YR2000],..
St. Lucia,LCA,2000 [YR2000],..
St. Martin (French part),MAF,2000 [YR2000],..
St. Vincent and the Grenadines,VCT,2000 [YR2000],..
Sudan,SDN,2000 [YR2000],..
Suriname,SUR,2000 [YR2000],..
Sweden,SWE,2000 [YR2000],27.2
Switzerland,CHE,2000 [YR2000],33.4
Syrian Arab Republic,SYR,2000 [YR2000],..
Tajikistan,TJK,2000 [YR2000],..
Tanzania,TZA,2000 [YR2000],37.3
Thailand,THA,2000 [YR2000],42.8
Timor-Leste,TLS,2000 [YR2000],..
Togo,TGO,2000 [YR2000],..
Tonga,TON,2000 [YR2000],37.7
Trinidad and Tobago,TTO,2000 [YR2000],..
Tunisia,TUN,2000 [YR2000],40.8
Turkiye,TUR,2000 [YR2000],..
Turkmenistan,TKM,2000 [YR2000],..
Turks and Caicos Islands,TCA,2000 [YR2000],..
Tuvalu,TUV,2000 [YR2000],..
Uganda,UGA,2000 [YR2000],..
Ukraine,UKR,2000 [YR2000],..
United Arab Emirates,ARE,2000 [YR2000],..
United Kingdom,GBR,2000 [YR2000],38.8
United States,USA,2000 [YR2000],40.1
Uruguay,URY,2000 [YR2000],..
Uzbekistan,UZB,2000 [YR2000],36.1
Vanuatu,VUT,2000 [YR2000],..
"Venezuela, RB",VEN,2000 [YR2000],..
Viet Nam,VNM,2000 [YR2000],..
Virgin Islands (U.S.),VIR,2000 [YR2000],..
West Bank and Gaza,PSE,2000 [YR2000],..
"Yemen, Rep.",YEM,2000 [YR2000],..
Zambia,ZMB,2000 [YR2000],..
Zimbabwe,ZWE,2000 [YR2000],..
,,2000 [YR2000],
,,2000 [YR2000],
,,2000 [YR2000],
,,2000 [YR2000],
,,2000 [YR2000],
Afghanistan,AFG,2013 [YR2013],..
Albania,ALB,2013 [YR2013],..
Algeria,DZA,2013 [YR2013],..
American Samoa,ASM,2013 [YR2013],..
Andorra,AND,2013 [YR2013],..
Angola,AGO,2013 [YR2013],..
Antigua and Barbuda,ATG,2013 [YR2013],..
Argentina,ARG,2013 [YR2013],40.9
Armenia,ARM,2013 [YR2013],30.6
Aruba,ABW,2013 [YR2013],..
Australia,AUS,2013 [YR2013],..
Austria,AUT,2013 [YR2013],30.8
Azerbaijan,AZE,2013 [YR2013],..
"Bahamas, The",BHS,2013 [YR2013],..
Bahrain,BHR,2013 [YR2013],..
Bangladesh,BGD,2013 [YR2013],..
Barbados,BRB,2013 [YR2013],..
Belarus,BLR,2013 [YR2013],26.6
Belgium,BEL,2013 [YR2013],27.7
Belize,BLZ,2013 [YR2013],..
Benin,BEN,2013 [YR2013],..
Bermuda,BMU,2013 [YR2013],..
Bhutan,BTN,2013 [YR2013],..
Bolivia,BOL,2013 [YR2013],47.6
Bosnia and Herzegovina,BIH,2013 [YR2013],..
Botswana,BWA,2013 [YR2013],..
Brazil,BRA,2013 [YR2013],52.7
British Virgin Islands,VGB,2013 [YR2013],..
Brunei Darussalam,BRN,2013 [YR2013],..
Bulgaria,BGR,2013 [YR2013],36.6
Burkina Faso,BFA,2013 [YR2013],..
Burundi,BDI,2013 [YR2013],38.6
Cabo Verde,CPV,2013 [YR2013],..
Cambodia,KHM,2013 [YR2013],..
Cameroon,CMR,2013 [YR2013],..
Canada,CAN,2013 [YR2013],33.8
Cayman Islands,CYM,2013 [YR2013],..
Central African Republic,CAF,2013 [YR2013],..
Chad,TCD,2013 [YR2013],..
Channel Islands,CHI,2013 [YR2013],..
Chile,CHL,2013 [YR2013],45.8
China,CHN,2013 [YR2013],39.7
Colombia,COL,2013 [YR2013],52.6
Comoros,COM,2013 [YR2013],..
"Congo, Dem. Rep.",COD,2013 [YR2013],..
"Congo, Rep.",COG,2013 [YR2013],..
Costa Rica,CRI,2013 [YR2013],49.2
Cote d'Ivoire,CIV,2013 [YR2013],..
Croatia,HRV,2013 [YR2013],32
Cuba,CUB,2013 [YR2013],..
Curacao,CUW,2013 [YR2013],..
Cyprus,CYP,2013 [YR2013],37
Czechia,CZE,2013 [YR2013],26.5
Denmark,DNK,2013 [YR2013],28.5
Djibouti,DJI,2013 [YR2013],44.1
Dominica,DMA,2013 [YR2013],..
Dominican Republic,DOM,2013 [YR2013],47.7
Ecuador,ECU,2013 [YR2013],46.9
"Egypt, Arab Rep.",EGY,2013 [YR2013],..
El Salvador,SLV,2013 [YR2013],43.4
Equatorial Guinea,GNQ,2013 [YR2013],..
Eritrea,ERI,2013 [YR2013],..
Estonia,EST,2013 [YR2013],35.1
Eswatini,SWZ,2013 [YR2013],..
Ethiopia,ETH,2013 [YR2013],..
Faroe Islands,FRO,2013 [YR2013],..
Fiji,FJI,2013 [YR2013],36.7
Finland,FIN,2013 [YR2013],27.2
France,FRA,2013 [YR2013],32.5
French Polynesia,PYF,2013 [YR2013],..
Gabon,GAB,2013 [YR2013],..
"Gambia, The",GMB,2013 [YR2013],..
Georgia,GEO,2013 [YR2013],38.6
Germany,DEU,2013 [YR2013],31.5
Ghana,GHA,2013 [YR2013],..
Gibraltar,GIB,2013 [YR2013],..
Greece,GRC,2013 [YR2013],36.1
Greenland,GRL,2013 [YR2013],..
Grenada,GRD,2013 [YR2013],..
Guam,GUM,2013 [YR2013],..
Guatemala,GTM,2013 [YR2013],..
Guinea,GIN,2013 [YR2013],..
Guinea-Bissau,GNB,2013 [YR2013],..
Guyana,GUY,2013 [YR2013],..
Haiti,HTI,2013 [YR2013],..
Honduras,HND,2013 [YR2013],50
"Hong Kong SAR, China",HKG,2013 [YR2013],..
Hungary,HUN,2013 [YR2013],31.5
Iceland,ISL,2013 [YR2013],25.4
India,IND,2013 [YR2013],..
Indonesia,IDN,2013 [YR2013],40.8
"Iran, Islamic Rep.",IRN,2013 [YR2013],37.4
Iraq,IRQ,2013 [YR2013],..
Ireland,IRL,2013 [YR2013],33.5
Isle of Man,IMN,2013 [YR2013],..
Israel,ISR,2013 [YR2013],40.2
Italy,ITA,2013 [YR2013],34.9
Jamaica,JAM,2013 [YR2013],..
Japan,JPN,2013 [YR2013],32.9
Jordan,JOR,2013 [YR2013],..
Kazakhstan,KAZ,2013 [YR2013],27.1
Kenya,KEN,2013 [YR2013],..
Kiribati,KIR,2013 [YR2013],..
"Korea, Dem. People's Rep.",PRK,2013 [YR2013],..
"Korea, Rep.",KOR,2013 [YR2013],..
Kosovo,XKX,2013 [YR2013],26.3
Kuwait,KWT,2013 [YR2013],..
Kyrgyz Republic,KGZ,2013 [YR2013],28.8
Lao PDR,LAO,2013 [YR2013],..
Latvia,LVA,2013 [YR2013],35.5
Lebanon,LBN,2013 [YR2013],..
Lesotho,LSO,2013 [YR2013],..
Liberia,LBR,2013 [YR2013],..
Libya,LBY,2013 [YR2013],..
Liechtenstein,LIE,2013 [YR2013],..
Lithuania,LTU,2013 [YR2013],35.3
Luxembourg,LUX,2013 [YR2013],32
"Macao SAR, China",MAC,2013 [YR2013],..
Madagascar,MDG,2013 [YR2013],..
Malawi,MWI,2013 [YR2013],..
Malaysia,MYS,2013 [YR2013],41.3
Maldives,MDV,2013 [YR2013],..
Mali,MLI,2013 [YR2013],..
Malta,MLT,2013 [YR2013],28.8
Marshall Islands,MHL,2013 [YR2013],..
Mauritania,MRT,2013 [YR2013],..
Mauritius,MUS,2013 [YR2013],..
Mexico,MEX,2013 [YR2013],..
"Micronesia, Fed. Sts.",FSM,2013 [YR2013],40.1
Moldova,MDA,2013 [YR2013],28.5
Monaco,MCO,2013 [YR2013],..
Mongolia,MNG,2013 [YR2013],..
Montenegro,MNE,2013 [YR2013],39
Morocco,MAR,2013 [YR2013],39.5
Mozambique,MOZ,2013 [YR2013],..
Myanmar,MMR,2013 [YR2013],..
Namibia,NAM,2013 [YR2013],..
Nauru,NRU,2013 [YR2013],..
Nepal,NPL,2013 [YR2013],..
Netherlands,NLD,2013 [YR2013],28.1
New Caledonia,NCL,2013 [YR2013],..
New Zealand,NZL,2013 [YR2013],..
Nicaragua,NIC,2013 [YR2013],..
Niger,NER,2013 [YR2013],..
Nigeria,NGA,2013 [YR2013],..
North Macedonia,MKD,2013 [YR2013],36.2
Northern Mariana Islands,MNP,2013 [YR2013],..
Norway,NOR,2013 [YR2013],26.4
Oman,OMN,2013 [YR2013],..
Pakistan,PAK,2013 [YR2013],29.5
Palau,PLW,2013 [YR2013],..
Panama,PAN,2013 [YR2013],51.5
Papua New Guinea,PNG,2013 [YR2013],..
Paraguay,PRY,2013 [YR2013],47.9
Peru,PER,2013 [YR2013],43.9
Philippines,PHL,2013 [YR2013],..
Poland,POL,2013 [YR2013],33.1
Portugal,PRT,2013 [YR2013],36.2
Puerto Rico,PRI,2013 [YR2013],..
Qatar,QAT,2013 [YR2013],..
Romania,ROU,2013 [YR2013],36.9
Russian Federation,RUS,2013 [YR2013],40.9
Rwanda,RWA,2013 [YR2013],45.1
Samoa,WSM,2013 [YR2013],38.7
San Marino,SMR,2013 [YR2013],..
Sao Tome and Principe,STP,2013 [YR2013],..
Saudi Arabia,SAU,2013 [YR2013],..
Senegal,SEN,2013 [YR2013],..
Serbia,SRB,2013 [YR2013],39.5
Seychelles,SYC,2013 [YR2013],46.8
Sierra Leone,SLE,2013 [YR2013],..
Singapore,SGP,2013 [YR2013],..
Sint Maarten (Dutch part),SXM,2013 [YR2013],..
Slovak Republic,SVK,2013 [YR2013],28.1
Slovenia,SVN,2013 [YR2013],26.2
Solomon Islands,SLB,2013 [YR2013],..
Somalia,SOM,2013 [YR2013],..
South Africa,ZAF,2013 [YR2013],..
South Sudan,SSD,2013 [YR2013],..
Spain,ESP,2013 [YR2013],36.2
Sri Lanka,LKA,2013 [YR2013],..
St. Kitts and Nevis,KNA,2013 [YR2013],..
St. Lucia,LCA,2013 [YR2013],..
St. Martin (French part),MAF,2013 [YR2013],..
St. Vincent and the Grenadines,VCT,2013 [YR2013],..
Sudan,SDN,2013 [YR2013],..
Suriname,SUR,2013 [YR2013],..
Sweden,SWE,2013 [YR2013],28.8
Switzerland,CHE,2013 [YR2013],32.5
Syrian Arab Republic,SYR,2013 [YR2013],..
Tajikistan,TJK,2013 [YR2013],..
Tanzania,TZA,2013 [YR2013],..
Thailand,THA,2013 [YR2013],37.8
Timor-Leste,TLS,2013 [YR2013],..
Togo,TGO,2013 [YR2013],..
Tonga,TON,2013 [YR2013],..
Trinidad and Tobago,TTO,2013 [YR2013],..
Tunisia,TUN,2013 [YR2013],..
Turkiye,TUR,2013 [YR2013],40.2
Turkmenistan,TKM,2013 [YR2013],..
Turks and Caicos Islands,TCA,2013 [YR2013],..
Tuvalu,TUV,2013 [YR2013],..
Uganda,UGA,2013 [YR2013],..
Ukraine,UKR,2013 [YR2013],24.6
United Arab Emirates,ARE,2013 [YR2013],32.5
United Kingdom,GBR,2013 [YR2013],32.7
United States,USA,2013 [YR2013],40.7
Uruguay,URY,2013 [YR2013],40.5
Uzbekistan,UZB,2013 [YR2013],..
Vanuatu,VUT,2013 [YR2013],..
"Venezuela, RB",VEN,2013 [YR2013],..
Viet Nam,VNM,2013 [YR2013],..
Virgin Islands (U.S.),VIR,2013 [YR2013],..
West Bank and Gaza,PSE,2013 [YR2013],..
"Yemen, Rep.",YEM,2013 [YR2013],..
Zambia,ZMB,2013 [YR2013],..
Zimbabwe,ZWE,2013 [YR2013],..
,,2013 [YR2013],
,,2013 [YR2013],
,,2013 [YR2013],
,,2013 [YR2013],
,,2013 [YR2013],
Afghanistan,AFG,2014 [YR2014],..
Albania,ALB,2014 [YR2014],34.6
Algeria,DZA,2014 [YR2014],..
American Samoa,ASM,2014 [YR2014],..
Andorra,AND,2014 [YR2014],..
Angola,AGO,2014 [YR2014],..
Antigua and Barbuda,ATG,2014 [YR2014],..
Argentina,ARG,2014 [YR2014],41.6
Armenia,ARM,2014 [YR2014],31.5
Aruba,ABW,2014 [YR2014],..
Australia,AUS,2014 [YR2014],34.4
Austria,AUT,2014 [YR2014],30.5
Azerbaijan,AZE,2014 [YR2014],..
"Bahamas, The",BHS,2014 [YR2014],..
Bahrain,BHR,2014 [YR2014],..
Bangladesh,BGD,2014 [YR2014],..
Barbados,BRB,2014 [YR2014],..
Belarus,BLR,2014 [YR2014],27.2
Belgium,BEL,2014 [YR2014],28.1
Belize,BLZ,2014 [YR2014],..
Benin,BEN,2014 [YR2014],..
Bermuda,BMU,2014 [YR2014],..
Bhutan,BTN,2014 [YR2014],..
Bolivia,BOL,2014 [YR2014],47.8
Bosnia and Herzegovina,BIH,2014 [YR2014],..
Botswana,BWA,2014 [YR2014],..
Brazil,BRA,2014 [YR2014],52
British Virgin Islands,VGB,2014 [YR2014],..
Brunei Darussalam,BRN,2014 [YR2014],..
Bulgaria,BGR,2014 [YR2014],37.4
Burkina Faso,BFA,2014 [YR2014],35.3
Burundi,BDI,2014 [YR2014],..
Cabo Verde,CPV,2014 [YR2014],..
Cambodia,KHM,2014 [YR2014],..
Cameroon,CMR,2014 [YR2014],46.6
Canada,CAN,2014 [YR2014],33.2
Cayman Islands,CYM,2014 [YR2014],..
Central African Republic,CAF,2014 [YR2014],..
Chad,TCD,2014 [YR2014],..
Channel Islands,CHI,2014 [YR2014],..
Chile,CHL,2014 [YR2014],..
China,CHN,2014 [YR2014],39.2
Colombia,COL,2014 [YR2014],52.6
Comoros,COM,2014 [YR2014],45.3
"Congo, Dem. Rep.",COD,2014 [YR2014],..
"Congo, Rep.",COG,2014 [YR2014],..
Costa Rica,CRI,2014 [YR2014],48.6
Cote d'Ivoire,CIV,2014 [YR2014],..
Croatia,HRV,2014 [YR2014],32.1
Cuba,CUB,2014 [YR2014],..
Curacao,CUW,2014 [YR2014],..
Cyprus,CYP,2014 [YR2014],35.6
Czechia,CZE,2014 [YR2014],25.9
Denmark,DNK,2014 [YR2014],28.4
Djibouti,DJI,2014 [YR2014],..
Dominica,DMA,2014 [YR2014],..
Dominican Republic,DOM,2014 [YR2014],44.3
Ecuador,ECU,2014 [YR2014],45
"Egypt, Arab Rep.",EGY,2014 [YR2014],..
El Salvador,SLV,2014 [YR2014],41.6
Equatorial Guinea,GNQ,2014 [YR2014],..
Eritrea,ERI,2014 [YR2014],..
Estonia,EST,2014 [YR2014],34.6
Eswatini,SWZ,2014 [YR2014],..
Ethiopia,ETH,2014 [YR2014],..
Faroe Islands,FRO,2014 [YR2014],..
Fiji,FJI,2014 [YR2014],..
Finland,FIN,2014 [YR2014],26.8
France,FRA,2014 [YR2014],32.3
French Polynesia,PYF,2014 [YR2014],..
Gabon,GAB,2014 [YR2014],..
"Gambia, The",GMB,2014 [YR2014],..
Georgia,GEO,2014 [YR2014],37.6
Germany,DEU,2014 [YR2014],30.9
Ghana,GHA,2014 [YR2014],..
Gibraltar,GIB,2014 [YR2014],..
Greece,GRC,2014 [YR2014],35.8
Greenland,GRL,2014 [YR2014],..
Grenada,GRD,2014 [YR2014],..
Guam,GUM,2014 [YR2014],..
Guatemala,GTM,2014 [YR2014],48.3
Guinea,GIN,2014 [YR2014],..
Guinea-Bissau,GNB,2014 [YR2014],..
Guyana,GUY,2014 [YR2014],..
Haiti,HTI,2014 [YR2014],..
Honduras,HND,2014 [YR2014],49.9
"Hong Kong SAR, China",HKG,2014 [YR2014],..
Hungary,HUN,2014 [YR2014],30.9
Iceland,ISL,2014 [YR2014],27.8
India,IND,2014 [YR2014],..
Indonesia,IDN,2014 [YR2014],40.2
"Iran, Islamic Rep.",IRN,2014 [YR2014],38.8
Iraq,IRQ,2014 [YR2014],..
Ireland,IRL,2014 [YR2014],31.9
Isle of Man,IMN,2014 [YR2014],..
Israel,ISR,2014 [YR2014],39.8
Italy,ITA,2014 [YR2014],34.7
Jamaica,JAM,2014 [YR2014],..
Japan,JPN,2014 [YR2014],..
Jordan,JOR,2014 [YR2014],..
Kazakhstan,KAZ,2014 [YR2014],27
Kenya,KEN,2014 [YR2014],..
Kiribati,KIR,2014 [YR2014],..
"Korea, Dem. People's Rep.",PRK,2014 [YR2014],..
"Korea, Rep.",KOR,2014 [YR2014],31.2
Kosovo,XKX,2014 [YR2014],27.3
Kuwait,KWT,2014 [YR2014],..
Kyrgyz Republic,KGZ,2014 [YR2014],26.8
Lao PDR,LAO,2014 [YR2014],..
Latvia,LVA,2014 [YR2014],35.1
Lebanon,LBN,2014 [YR2014],..
Lesotho,LSO,2014 [YR2014],..
Liberia,LBR,2014 [YR2014],33.2
Libya,LBY,2014 [YR2014],..
Liechtenstein,LIE,2014 [YR2014],..
Lithuania,LTU,2014 [YR2014],37.7
Luxembourg,LUX,2014 [YR2014],31.2
"Macao SAR, China",MAC,2014 [YR2014],..
Madagascar,MDG,2014 [YR2014],..
Malawi,MWI,2014 [YR2014],..
Malaysia,MYS,2014 [YR2014],..
Maldives,MDV,2014 [YR2014],..
Mali,MLI,2014 [YR2014],..
Malta,MLT,2014 [YR2014],29
Marshall Islands,MHL,2014 [YR2014],..
Mauritania,MRT,2014 [YR2014],32.6
Mauritius,MUS,2014 [YR2014],..
Mexico,MEX,2014 [YR2014],48.7
"Micronesia, Fed. Sts.",FSM,2014 [YR2014],..
Moldova,MDA,2014 [YR2014],26.8
Monaco,MCO,2014 [YR2014],..
Mongolia,MNG,2014 [YR2014],32
Montenegro,MNE,2014 [YR2014],38.8
Morocco,MAR,2014 [YR2014],..
Mozambique,MOZ,2014 [YR2014],54
Myanmar,MMR,2014 [YR2014],..
Namibia,NAM,2014 [YR2014],..
Nauru,NRU,2014 [YR2014],..
Nepal,NPL,2014 [YR2014],..
Netherlands,NLD,2014 [YR2014],28.6
New Caledonia,NCL,2014 [YR2014],..
New Zealand,NZL,2014 [YR2014],..
Nicaragua,NIC,2014 [YR2014],46.2
Niger,NER,2014 [YR2014],34.3
Nigeria,NGA,2014 [YR2014],..
North Macedonia,MKD,2014 [YR2014],35.2
Northern Mariana Islands,MNP,2014 [YR2014],..
Norway,NOR,2014 [YR2014],26.8
Oman,OMN,2014 [YR2014],..
Pakistan,PAK,2014 [YR2014],..
Palau,PLW,2014 [YR2014],..
Panama,PAN,2014 [YR2014],50.5
Papua New Guinea,PNG,2014 [YR2014],..
Paraguay,PRY,2014 [YR2014],50.7
Peru,PER,2014 [YR2014],43.1
Philippines,PHL,2014 [YR2014],..
Poland,POL,2014 [YR2014],32.8
Portugal,PRT,2014 [YR2014],35.6
Puerto Rico,PRI,2014 [YR2014],..
Qatar,QAT,2014 [YR2014],..
Romania,ROU,2014 [YR2014],36
Russian Federation,RUS,2014 [YR2014],39.9
Rwanda,RWA,2014 [YR2014],..
Samoa,WSM,2014 [YR2014],..
San Marino,SMR,2014 [YR2014],..
Sao Tome and Principe,STP,2014 [YR2014],..
Saudi Arabia,SAU,2014 [YR2014],..
Senegal,SEN,2014 [YR2014],..
Serbia,SRB,2014 [YR2014],40.5
Seychelles,SYC,2014 [YR2014],..
Sierra Leone,SLE,2014 [YR2014],..
Singapore,SGP,2014 [YR2014],..
Sint Maarten (Dutch part),SXM,2014 [YR2014],..
Slovak Republic,SVK,2014 [YR2014],26.1
Slovenia,SVN,2014 [YR2014],25.7
Solomon Islands,SLB,2014 [YR2014],..
Somalia,SOM,2014 [YR2014],..
South Africa,ZAF,2014 [YR2014],63
South Sudan,SSD,2014 [YR2014],..
Spain,ESP,2014 [YR2014],36.1
Sri Lanka,LKA,2014 [YR2014],..
St. Kitts and Nevis,KNA,2014 [YR2014],..
St. Lucia,LCA,2014 [YR2014],..
St. Martin (French part),MAF,2014 [YR2014],..
St. Vincent and the Grenadines,VCT,2014 [YR2014],..
Sudan,SDN,2014 [YR2014],34.2
Suriname,SUR,2014 [YR2014],..
Sweden,SWE,2014 [YR2014],28.4
Switzerland,CHE,2014 [YR2014],32.5
Syrian Arab Republic,SYR,2014 [YR2014],..
Tajikistan,TJK,2014 [YR2014],..
Tanzania,TZA,2014 [YR2014],..
Thailand,THA,2014 [YR2014],37
Timor-Leste,TLS,2014 [YR2014],28.7
Togo,TGO,2014 [YR2014],..
Tonga,TON,2014 [YR2014],..
Trinidad and Tobago,TTO,2014 [YR2014],..
Tunisia,TUN,2014 [YR2014],..
Turkiye,TUR,2014 [YR2014],41.2
Turkmenistan,TKM,2014 [YR2014],..
Turks and Caicos Islands,TCA,2014 [YR2014],..
Tuvalu,TUV,2014 [YR2014],..
Uganda,UGA,2014 [YR2014],..
Ukraine,UKR,2014 [YR2014],24
United Arab Emirates,ARE,2014 [YR2014],..
United Kingdom,GBR,2014 [YR2014],33.1
United States,USA,2014 [YR2014],41.5
Uruguay,URY,2014 [YR2014],40.1
Uzbekistan,UZB,2014 [YR2014],..
Vanuatu,VUT,2014 [YR2014],..
"Venezuela, RB",VEN,2014 [YR2014],..
Viet Nam,VNM,2014 [YR2014],34.8
Virgin Islands (U.S.),VIR,2014 [YR2014],..
West Bank and Gaza,PSE,2014 [YR2014],..
"Yemen, Rep.",YEM,2014 [YR2014],36.7
Zambia,ZMB,2014 [YR2014],..
Zimbabwe,ZWE,2014 [YR2014],..
,,2014 [YR2014],
,,2014 [YR2014],
,,2014 [YR2014],
,,2014 [YR2014],
,,2014 [YR2014],
Afghanistan,AFG,2015 [YR2015],..
Albania,ALB,2015 [YR2015],32.8
Algeria,DZA,2015 [YR2015],..
American Samoa,ASM,2015 [YR2015],..
Andorra,AND,2015 [YR2015],..
Angola,AGO,2015 [YR2015],..
Antigua and Barbuda,ATG,2015 [YR2015],..
Argentina,ARG,2015 [YR2015],..
Armenia,ARM,2015 [YR2015],32.4
Aruba,ABW,2015 [YR2015],..
Australia,AUS,2015 [YR2015],..
Austria,AUT,2015 [YR2015],30.5
Azerbaijan,AZE,2015 [YR2015],..
"Bahamas, The",BHS,2015 [YR2015],..
Bahrain,BHR,2015 [YR2015],..
Bangladesh,BGD,2015 [YR2015],..
Barbados,BRB,2015 [YR2015],..
Belarus,BLR,2015 [YR2015],25.6
Belgium,BEL,2015 [YR2015],27.7
Belize,BLZ,2015 [YR2015],..
Benin,BEN,2015 [YR2015],47.8
Bermuda,BMU,2015 [YR2015],..
Bhutan,BTN,2015 [YR2015],..
Bolivia,BOL,2015 [YR2015],46.7
Bosnia and Herzegovina,BIH,2015 [YR2015],..
Botswana,BWA,2015 [YR2015],53.3
Brazil,BRA,2015 [YR2015],51.9
British Virgin Islands,VGB,2015 [YR2015],..
Brunei Darussalam,BRN,2015 [YR2015],..
Bulgaria,BGR,2015 [YR2015],38.6
Burkina Faso,BFA,2015 [YR2015],..
Burundi,BDI,2015 [YR2015],..
Cabo Verde,CPV,2015 [YR2015],42.4
Cambodia,KHM,2015 [YR2015],..
Cameroon,CMR,2015 [YR2015],..
Canada,CAN,2015 [YR2015],33.7
Cayman Islands,CYM,2015 [YR2015],..
Central African Republic,CAF,2015 [YR2015],..
Chad,TCD,2015 [YR2015],..
Channel Islands,CHI,2015 [YR2015],..
Chile,CHL,2015 [YR2015],44.4
China,CHN,2015 [YR2015],38.6
Colombia,COL,2015 [YR2015],51
Comoros,COM,2015 [YR2015],..
"Congo, Dem. Rep.",COD,2015 [YR2015],..
"Congo, Rep.",COG,2015 [YR2015],..
Costa Rica,CRI,2015 [YR2015],48.4
Cote d'Ivoire,CIV,2015 [YR2015],41.5
Croatia,HRV,2015 [YR2015],31.1
Cuba,CUB,2015 [YR2015],..
Curacao,CUW,2015 [YR2015],..
Cyprus,CYP,2015 [YR2015],34
Czechia,CZE,2015 [YR2015],25.9
Denmark,DNK,2015 [YR2015],28.2
Djibouti,DJI,2015 [YR2015],..
Dominica,DMA,2015 [YR2015],..
Dominican Republic,DOM,2015 [YR2015],45.2
Ecuador,ECU,2015 [YR2015],46
"Egypt, Arab Rep.",EGY,2015 [YR2015],31.8
El Salvador,SLV,2015 [YR2015],40.6
Equatorial Guinea,GNQ,2015 [YR2015],..
Eritrea,ERI,2015 [YR2015],..
Estonia,EST,2015 [YR2015],32.7
Eswatini,SWZ,2015 [YR2015],..
Ethiopia,ETH,2015 [YR2015],35
Faroe Islands,FRO,2015 [YR2015],..
Fiji,FJI,2015 [YR2015],..
Finland,FIN,2015 [YR2015],27.1
France,FRA,2015 [YR2015],32.7
French Polynesia,PYF,2015 [YR2015],..
Gabon,GAB,2015 [YR2015],..
"Gambia, The",GMB,2015 [YR2015],35.9
Georgia,GEO,2015 [YR2015],36.5
Germany,DEU,2015 [YR2015],31.4
Ghana,GHA,2015 [YR2015],..
Gibraltar,GIB,2015 [YR2015],..
Greece,GRC,2015 [YR2015],36
Greenland,GRL,2015 [YR2015],..
Grenada,GRD,2015 [YR2015],..
Guam,GUM,2015 [YR2015],..
Guatemala,GTM,2015 [YR2015],..
Guinea,GIN,2015 [YR2015],..
Guinea-Bissau,GNB,2015 [YR2015],..
Guyana,GUY,2015 [YR2015],..
Haiti,HTI,2015 [YR2015],..
Honduras,HND,2015 [YR2015],49.2
"Hong Kong SAR, China",HKG,2015 [YR2015],..
Hungary,HUN,2015 [YR2015],30.4
Iceland,ISL,2015 [YR2015],26.8
India,IND,2015 [YR2015],34.7
Indonesia,IDN,2015 [YR2015],40.4
"Iran, Islamic Rep.",IRN,2015 [YR2015],39.5
Iraq,IRQ,2015 [YR2015],..
Ireland,IRL,2015 [YR2015],31.8
Isle of Man,IMN,2015 [YR2015],..
Israel,ISR,2015 [YR2015],39.7
Italy,ITA,2015 [YR2015],35.4
Jamaica,JAM,2015 [YR2015],..
Japan,JPN,2015 [YR2015],..
Jordan,JOR,2015 [YR2015],..
Kazakhstan,KAZ,2015 [YR2015],26.8
Kenya,KEN,2015 [YR2015],40.8
Kiribati,KIR,2015 [YR2015],..
"Korea, Dem. People's Rep.",PRK,2015 [YR2015],..
"Korea, Rep.",KOR,2015 [YR2015],..
Kosovo,XKX,2015 [YR2015],26.5
Kuwait,KWT,2015 [YR2015],..
Kyrgyz Republic,KGZ,2015 [YR2015],29
Lao PDR,LAO,2015 [YR2015],..
Latvia,LVA,2015 [YR2015],34.2
Lebanon,LBN,2015 [YR2015],..
Lesotho,LSO,2015 [YR2015],..
Liberia,LBR,2015 [YR2015],..
Libya,LBY,2015 [YR2015],..
Liechtenstein,LIE,2015 [YR2015],..
Lithuania,LTU,2015 [YR2015],37.4
Luxembourg,LUX,2015 [YR2015],32.9
"Macao SAR, China",MAC,2015 [YR2015],..
Madagascar,MDG,2015 [YR2015],..
Malawi,MWI,2015 [YR2015],..
Malaysia,MYS,2015 [YR2015],41.1
Maldives,MDV,2015 [YR2015],..
Mali,MLI,2015 [YR2015],..
Malta,MLT,2015 [YR2015],29.4
Marshall Islands,MHL,2015 [YR2015],..
Mauritania,MRT,2015 [YR2015],..
Mauritius,MUS,2015 [YR2015],..
Mexico,MEX,2015 [YR2015],..
"Micronesia, Fed. Sts.",FSM,2015 [YR2015],..
Moldova,MDA,2015 [YR2015],27
Monaco,MCO,2015 [YR2015],..
Mongolia,MNG,2015 [YR2015],..
Montenegro,MNE,2015 [YR2015],39
Morocco,MAR,2015 [YR2015],..
Mozambique,MOZ,2015 [YR2015],..
Myanmar,MMR,2015 [YR2015],38.1
Namibia,NAM,2015 [YR2015],59.1
Nauru,NRU,2015 [YR2015],..
Nepal,NPL,2015 [YR2015],..
Netherlands,NLD,2015 [YR2015],28.2
New Caledonia,NCL,2015 [YR2015],..
New Zealand,NZL,2015 [YR2015],..
Nicaragua,NIC,2015 [YR2015],..
Niger,NER,2015 [YR2015],..
Nigeria,NGA,2015 [YR2015],35.9
North Macedonia,MKD,2015 [YR2015],35.6
Northern Mariana Islands,MNP,2015 [YR2015],..
Norway,NOR,2015 [YR2015],27.5
Oman,OMN,2015 [YR2015],..
Pakistan,PAK,2015 [YR2015],31.3
Palau,PLW,2015 [YR2015],..
Panama,PAN,2015 [YR2015],50.8
Papua New Guinea,PNG,2015 [YR2015],..
Paraguay,PRY,2015 [YR2015],47.6
Peru,PER,2015 [YR2015],43.4
Philippines,PHL,2015 [YR2015],44.6
Poland,POL,2015 [YR2015],31.8
Portugal,PRT,2015 [YR2015],35.5
Puerto Rico,PRI,2015 [YR2015],..
Qatar,QAT,2015 [YR2015],..
Romania,ROU,2015 [YR2015],35.9
Russian Federation,RUS,2015 [YR2015],37.7
Rwanda,RWA,2015 [YR2015],..
Samoa,WSM,2015 [YR2015],..
San Marino,SMR,2015 [YR2015],..
Sao Tome and Principe,STP,2015 [YR2015],..
Saudi Arabia,SAU,2015 [YR2015],..
Senegal,SEN,2015 [YR2015],..
Serbia,SRB,2015 [YR2015],40.5
Seychelles,SYC,2015 [YR2015],..
Sierra Leone,SLE,2015 [YR2015],..
Singapore,SGP,2015 [YR2015],..
Sint Maarten (Dutch part),SXM,2015 [YR2015],..
Slovak Republic,SVK,2015 [YR2015],26.5
Slovenia,SVN,2015 [YR2015],25.4
Solomon Islands,SLB,2015 [YR2015],..
Somalia,SOM,2015 [YR2015],..
South Africa,ZAF,2015 [YR2015],..
South Sudan,SSD,2015 [YR2015],..
Spain,ESP,2015 [YR2015],36.2
Sri Lanka,LKA,2015 [YR2015],..
St. Kitts and Nevis,KNA,2015 [YR2015],..
St. Lucia,LCA,2015 [YR2015],..
St. Martin (French part),MAF,2015 [YR2015],..
St. Vincent and the Grenadines,VCT,2015 [YR2015],..
Sudan,SDN,2015 [YR2015],..
Suriname,SUR,2015 [YR2015],..
Sweden,SWE,2015 [YR2015],29.2
Switzerland,CHE,2015 [YR2015],32.3
Syrian Arab Republic,SYR,2015 [YR2015],..
Tajikistan,TJK,2015 [YR2015],34
Tanzania,TZA,2015 [YR2015],..
Thailand,THA,2015 [YR2015],36
Timor-Leste,TLS,2015 [YR2015],..
Togo,TGO,2015 [YR2015],43.1
Tonga,TON,2015 [YR2015],33.5
Trinidad and Tobago,TTO,2015 [YR2015],..
Tunisia,TUN,2015 [YR2015],32.8
Turkiye,TUR,2015 [YR2015],42.9
Turkmenistan,TKM,2015 [YR2015],..
Turks and Caicos Islands,TCA,2015 [YR2015],..
Tuvalu,TUV,2015 [YR2015],..
Uganda,UGA,2015 [YR2015],..
Ukraine,UKR,2015 [YR2015],25.5
United Arab Emirates,ARE,2015 [YR2015],..
United Kingdom,GBR,2015 [YR2015],33.3
United States,USA,2015 [YR2015],41.2
Uruguay,URY,2015 [YR2015],40.1
Uzbekistan,UZB,2015 [YR2015],..
Vanuatu,VUT,2015 [YR2015],..
"Venezuela, RB",VEN,2015 [YR2015],..
Viet Nam,VNM,2015 [YR2015],..
Virgin Islands (U.S.),VIR,2015 [YR2015],..
West Bank and Gaza,PSE,2015 [YR2015],..
"Yemen, Rep.",YEM,2015 [YR2015],..
Zambia,ZMB,2015 [YR2015],55.9
Zimbabwe,ZWE,2015 [YR2015],..
,,2015 [YR2015],
,,2015 [YR2015],
,,2015 [YR2015],
,,2015 [YR2015],
,,2015 [YR2015],
Afghanistan,AFG,2016 [YR2016],..
Albania,ALB,2016 [YR2016],33.7
Algeria,DZA,2016 [YR2016],..
American Samoa,ASM,2016 [YR2016],..
Andorra,AND,2016 [YR2016],..
Angola,AGO,2016 [YR2016],..
Antigua and Barbuda,ATG,2016 [YR2016],..
Argentina,ARG,2016 [YR2016],42
Armenia,ARM,2016 [YR2016],32.5
Aruba,ABW,2016 [YR2016],..
Australia,AUS,2016 [YR2016],33.7
Austria,AUT,2016 [YR2016],30.8
Azerbaijan,AZE,2016 [YR2016],..
"Bahamas, The",BHS,2016 [YR2016],..
Bahrain,BHR,2016 [YR2016],..
Bangladesh,BGD,2016 [YR2016],32.4
Barbados,BRB,2016 [YR2016],..
Belarus,BLR,2016 [YR2016],25.3
Belgium,BEL,2016 [YR2016],27.6
Belize,BLZ,2016 [YR2016],..
Benin,BEN,2016 [YR2016],..
Bermuda,BMU,2016 [YR2016],..
Bhutan,BTN,2016 [YR2016],..
Bolivia,BOL,2016 [YR2016],45.2
Bosnia and Herzegovina,BIH,2016 [YR2016],..
Botswana,BWA,2016 [YR2016],..
Brazil,BRA,2016 [YR2016],53.3
British Virgin Islands,VGB,2016 [YR2016],..
Brunei Darussalam,BRN,2016 [YR2016],..
Bulgaria,BGR,2016 [YR2016],40.6
Burkina Faso,BFA,2016 [YR2016],..
Burundi,BDI,2016 [YR2016],..
Cabo Verde,CPV,2016 [YR2016],..
Cambodia,KHM,2016 [YR2016],..
Cameroon,CMR,2016 [YR2016],..
Canada,CAN,2016 [YR2016],32.7
Cayman Islands,CYM,2016 [YR2016],..
Central African Republic,CAF,2016 [YR2016],..
Chad,TCD,2016 [YR2016],..
Channel Islands,CHI,2016 [YR2016],..
Chile,CHL,2016 [YR2016],..
China,CHN,2016 [YR2016],38.5
Colombia,COL,2016 [YR2016],50.6
Comoros,COM,2016 [YR2016],..
"Congo, Dem. Rep.",COD,2016 [YR2016],..
"Congo, Rep.",COG,2016 [YR2016],..
Costa Rica,CRI,2016 [YR2016],48.7
Cote d'Ivoire,CIV,2016 [YR2016],..
Croatia,HRV,2016 [YR2016],30.9
Cuba,CUB,2016 [YR2016],..
Curacao,CUW,2016 [YR2016],..
Cyprus,CYP,2016 [YR2016],32.9
Czechia,CZE,2016 [YR2016],25.4
Denmark,DNK,2016 [YR2016],28.2
Djibouti,DJI,2016 [YR2016],..
Dominica,DMA,2016 [YR2016],..
Dominican Republic,DOM,2016 [YR2016],45.7
Ecuador,ECU,2016 [YR2016],45
"Egypt, Arab Rep.",EGY,2016 [YR2016],..
El Salvador,SLV,2016 [YR2016],40
Equatorial Guinea,GNQ,2016 [YR2016],..
Eritrea,ERI,2016 [YR2016],..
Estonia,EST,2016 [YR2016],31.2
Eswatini,SWZ,2016 [YR2016],54.6
Ethiopia,ETH,2016 [YR2016],..
Faroe Islands,FRO,2016 [YR2016],..
Fiji,FJI,2016 [YR2016],..
Finland,FIN,2016 [YR2016],27.1
France,FRA,2016 [YR2016],31.9
French Polynesia,PYF,2016 [YR2016],..
Gabon,GAB,2016 [YR2016],..
"Gambia, The",GMB,2016 [YR2016],..
Georgia,GEO,2016 [YR2016],36.6
Germany,DEU,2016 [YR2016],31.4
Ghana,GHA,2016 [YR2016],43.5
Gibraltar,GIB,2016 [YR2016],..
Greece,GRC,2016 [YR2016],35
Greenland,GRL,2016 [YR2016],..
Grenada,GRD,2016 [YR2016],..
Guam,GUM,2016 [YR2016],..
Guatemala,GTM,2016 [YR2016],..
Guinea,GIN,2016 [YR2016],..
Guinea-Bissau,GNB,2016 [YR2016],..
Guyana,GUY,2016 [YR2016],..
Haiti,HTI,2016 [YR2016],..
Honduras,HND,2016 [YR2016],49.8
"Hong Kong SAR, China",HKG,2016 [YR2016],..
Hungary,HUN,2016 [YR2016],30.3
Iceland,ISL,2016 [YR2016],27.2
India,IND,2016 [YR2016],34.8
Indonesia,IDN,2016 [YR2016],39.3
"Iran, Islamic Rep.",IRN,2016 [YR2016],40
Iraq,IRQ,2016 [YR2016],..
Ireland,IRL,2016 [YR2016],32.8
Isle of Man,IMN,2016 [YR2016],..
Israel,ISR,2016 [YR2016],39
Italy,ITA,2016 [YR2016],35.2
Jamaica,JAM,2016 [YR2016],..
Japan,JPN,2016 [YR2016],..
Jordan,JOR,2016 [YR2016],..
Kazakhstan,KAZ,2016 [YR2016],27.2
Kenya,KEN,2016 [YR2016],..
Kiribati,KIR,2016 [YR2016],..
"Korea, Dem. People's Rep.",PRK,2016 [YR2016],..
"Korea, Rep.",KOR,2016 [YR2016],31.4
Kosovo,XKX,2016 [YR2016],26.7
Kuwait,KWT,2016 [YR2016],..
Kyrgyz Republic,KGZ,2016 [YR2016],26.8
Lao PDR,LAO,2016 [YR2016],..
Latvia,LVA,2016 [YR2016],34.3
Lebanon,LBN,2016 [YR2016],..
Lesotho,LSO,2016 [YR2016],..
Liberia,LBR,2016 [YR2016],35.3
Libya,LBY,2016 [YR2016],..
Liechtenstein,LIE,2016 [YR2016],..
Lithuania,LTU,2016 [YR2016],38.4
Luxembourg,LUX,2016 [YR2016],31.7
"Macao SAR, China",MAC,2016 [YR2016],..
Madagascar,MDG,2016 [YR2016],..
Malawi,MWI,2016 [YR2016],44.7
Malaysia,MYS,2016 [YR2016],..
Maldives,MDV,2016 [YR2016],31.3
Mali,MLI,2016 [YR2016],..
Malta,MLT,2016 [YR2016],29.1
Marshall Islands,MHL,2016 [YR2016],..
Mauritania,MRT,2016 [YR2016],..
Mauritius,MUS,2016 [YR2016],..
Mexico,MEX,2016 [YR2016],47.7
"Micronesia, Fed. Sts.",FSM,2016 [YR2016],..
Moldova,MDA,2016 [YR2016],26.3
Monaco,MCO,2016 [YR2016],..
Mongolia,MNG,2016 [YR2016],32.3
Montenegro,MNE,2016 [YR2016],38.5
Morocco,MAR,2016 [YR2016],..
Mozambique,MOZ,2016 [YR2016],..
Myanmar,MMR,2016 [YR2016],..
Namibia,NAM,2016 [YR2016],..
Nauru,NRU,2016 [YR2016],..
Nepal,NPL,2016 [YR2016],..
Netherlands,NLD,2016 [YR2016],28.2
New Caledonia,NCL,2016 [YR2016],..
New Zealand,NZL,2016 [YR2016],..
Nicaragua,NIC,2016 [YR2016],..
Niger,NER,2016 [YR2016],..
Nigeria,NGA,2016 [YR2016],..
North Macedonia,MKD,2016 [YR2016],34.5
Northern Mariana Islands,MNP,2016 [YR2016],..
Norway,NOR,2016 [YR2016],28.5
Oman,OMN,2016 [YR2016],..
Pakistan,PAK,2016 [YR2016],..
Palau,PLW,2016 [YR2016],..
Panama,PAN,2016 [YR2016],50.4
Papua New Guinea,PNG,2016 [YR2016],..
Paraguay,PRY,2016 [YR2016],47.9
Peru,PER,2016 [YR2016],43.6
Philippines,PHL,2016 [YR2016],..
Poland,POL,2016 [YR2016],31.2
Portugal,PRT,2016 [YR2016],35.2
Puerto Rico,PRI,2016 [YR2016],..
Qatar,QAT,2016 [YR2016],..
Romania,ROU,2016 [YR2016],34.4
Russian Federation,RUS,2016 [YR2016],36.8
Rwanda,RWA,2016 [YR2016],43.7
Samoa,WSM,2016 [YR2016],..
San Marino,SMR,2016 [YR2016],..
Sao Tome and Principe,STP,2016 [YR2016],..
Saudi Arabia,SAU,2016 [YR2016],..
Senegal,SEN,2016 [YR2016],..
Serbia,SRB,2016 [YR2016],38.8
Seychelles,SYC,2016 [YR2016],..
Sierra Leone,SLE,2016 [YR2016],..
Singapore,SGP,2016 [YR2016],..
Sint Maarten (Dutch part),SXM,2016 [YR2016],..
Slovak Republic,SVK,2016 [YR2016],25.2
Slovenia,SVN,2016 [YR2016],24.8
Solomon Islands,SLB,2016 [YR2016],..
Somalia,SOM,2016 [YR2016],..
South Africa,ZAF,2016 [YR2016],..
South Sudan,SSD,2016 [YR2016],44.1
Spain,ESP,2016 [YR2016],35.8
Sri Lanka,LKA,2016 [YR2016],39.3
St. Kitts and Nevis,KNA,2016 [YR2016],..
St. Lucia,LCA,2016 [YR2016],51.2
St. Martin (French part),MAF,2016 [YR2016],..
St. Vincent and the Grenadines,VCT,2016 [YR2016],..
Sudan,SDN,2016 [YR2016],..
Suriname,SUR,2016 [YR2016],..
Sweden,SWE,2016 [YR2016],29.6
Switzerland,CHE,2016 [YR2016],33
Syrian Arab Republic,SYR,2016 [YR2016],..
Tajikistan,TJK,2016 [YR2016],..
Tanzania,TZA,2016 [YR2016],..
Thailand,THA,2016 [YR2016],36.9
Timor-Leste,TLS,2016 [YR2016],..
Togo,TGO,2016 [YR2016],..
Tonga,TON,2016 [YR2016],..
Trinidad and Tobago,TTO,2016 [YR2016],..
Tunisia,TUN,2016 [YR2016],..
Turkiye,TUR,2016 [YR2016],41.9
Turkmenistan,TKM,2016 [YR2016],..
Turks and Caicos Islands,TCA,2016 [YR2016],..
Tuvalu,TUV,2016 [YR2016],..
Uganda,UGA,2016 [YR2016],42.8
Ukraine,UKR,2016 [YR2016],25
United Arab Emirates,ARE,2016 [YR2016],..
United Kingdom,GBR,2016 [YR2016],33.1
United States,USA,2016 [YR2016],41.1
Uruguay,URY,2016 [YR2016],39.7
Uzbekistan,UZB,2016 [YR2016],..
Vanuatu,VUT,2016 [YR2016],..
"Venezuela, RB",VEN,2016 [YR2016],..
Viet Nam,VNM,2016 [YR2016],35.3
Virgin Islands (U.S.),VIR,2016 [YR2016],..
West Bank and Gaza,PSE,2016 [YR2016],33.7
"Yemen, Rep.",YEM,2016 [YR2016],..
Zambia,ZMB,2016 [YR2016],..
Zimbabwe,ZWE,2016 [YR2016],..
,,2016 [YR2016],
,,2016 [YR2016],
,,2016 [YR2016],
,,2016 [YR2016],
,,2016 [YR2016],
Afghanistan,AFG,2017 [YR2017],..
Albania,ALB,2017 [YR2017],33.1
Algeria,DZA,2017 [YR2017],..
American Samoa,ASM,2017 [YR2017],..
Andorra,AND,2017 [YR2017],..
Angola,AGO,2017 [YR2017],..
Antigua and Barbuda,ATG,2017 [YR2017],..
Argentina,ARG,2017 [YR2017],41.1
Armenia,ARM,2017 [YR2017],33.6
Aruba,ABW,2017 [YR2017],..
Australia,AUS,2017 [YR2017],..
Austria,AUT,2017 [YR2017],29.7
Azerbaijan,AZE,2017 [YR2017],..
"Bahamas, The",BHS,2017 [YR2017],..
Bahrain,BHR,2017 [YR2017],..
Bangladesh,BGD,2017 [YR2017],..
Barbados,BRB,2017 [YR2017],..
Belarus,BLR,2017 [YR2017],25.4
Belgium,BEL,2017 [YR2017],27.4
Belize,BLZ,2017 [YR2017],..
Benin,BEN,2017 [YR2017],..
Bermuda,BMU,2017 [YR2017],..
Bhutan,BTN,2017 [YR2017],37.4
Bolivia,BOL,2017 [YR2017],44.6
Bosnia and Herzegovina,BIH,2017 [YR2017],..
Botswana,BWA,2017 [YR2017],..
Brazil,BRA,2017 [YR2017],53.3
British Virgin Islands,VGB,2017 [YR2017],..
Brunei Darussalam,BRN,2017 [YR2017],..
Bulgaria,BGR,2017 [YR2017],40.4
Burkina Faso,BFA,2017 [YR2017],..
Burundi,BDI,2017 [YR2017],..
Cabo Verde,CPV,2017 [YR2017],..
Cambodia,KHM,2017 [YR2017],..
Cameroon,CMR,2017 [YR2017],..
Canada,CAN,2017 [YR2017],33.3
Cayman Islands,CYM,2017 [YR2017],..
Central African Republic,CAF,2017 [YR2017],..
Chad,TCD,2017 [YR2017],..
Channel Islands,CHI,2017 [YR2017],..
Chile,CHL,2017 [YR2017],44.4
China,CHN,2017 [YR2017],39.1
Colombia,COL,2017 [YR2017],49.7
Comoros,COM,2017 [YR2017],..
"Congo, Dem. Rep.",COD,2017 [YR2017],..
"Congo, Rep.",COG,2017 [YR2017],..
Costa Rica,CRI,2017 [YR2017],48.3
Cote d'Ivoire,CIV,2017 [YR2017],..
Croatia,HRV,2017 [YR2017],30.4
Cuba,CUB,2017 [YR2017],..
Curacao,CUW,2017 [YR2017],..
Cyprus,CYP,2017 [YR2017],31.4
Czechia,CZE,2017 [YR2017],24.9
Denmark,DNK,2017 [YR2017],28.7
Djibouti,DJI,2017 [YR2017],41.6
Dominica,DMA,2017 [YR2017],..
Dominican Republic,DOM,2017 [YR2017],42.2
Ecuador,ECU,2017 [YR2017],44.7
"Egypt, Arab Rep.",EGY,2017 [YR2017],31.5
El Salvador,SLV,2017 [YR2017],38
Equatorial Guinea,GNQ,2017 [YR2017],..
Eritrea,ERI,2017 [YR2017],..
Estonia,EST,2017 [YR2017],30.4
Eswatini,SWZ,2017 [YR2017],..
Ethiopia,ETH,2017 [YR2017],..
Faroe Islands,FRO,2017 [YR2017],..
Fiji,FJI,2017 [YR2017],..
Finland,FIN,2017 [YR2017],27.4
France,FRA,2017 [YR2017],31.6
French Polynesia,PYF,2017 [YR2017],..
Gabon,GAB,2017 [YR2017],38
"Gambia, The",GMB,2017 [YR2017],..
Georgia,GEO,2017 [YR2017],37.9
Germany,DEU,2017 [YR2017],31.9
Ghana,GHA,2017 [YR2017],..
Gibraltar,GIB,2017 [YR2017],..
Greece,GRC,2017 [YR2017],34.4
Greenland,GRL,2017 [YR2017],..
Grenada,GRD,2017 [YR2017],..
Guam,GUM,2017 [YR2017],..
Guatemala,GTM,2017 [YR2017],..
Guinea,GIN,2017 [YR2017],..
Guinea-Bissau,GNB,2017 [YR2017],..
Guyana,GUY,2017 [YR2017],..
Haiti,HTI,2017 [YR2017],..
Honduras,HND,2017 [YR2017],49.4
"Hong Kong SAR, China",HKG,2017 [YR2017],..
Hungary,HUN,2017 [YR2017],30.6
Iceland,ISL,2017 [YR2017],26.1
India,IND,2017 [YR2017],35.9
Indonesia,IDN,2017 [YR2017],38.8
"Iran, Islamic Rep.",IRN,2017 [YR2017],40.8
Iraq,IRQ,2017 [YR2017],..
Ireland,IRL,2017 [YR2017],31.4
Isle of Man,IMN,2017 [YR2017],..
Israel,ISR,2017 [YR2017],38.2
Italy,ITA,2017 [YR2017],35.9
Jamaica,JAM,2017 [YR2017],..
Japan,JPN,2017 [YR2017],..
Jordan,JOR,2017 [YR2017],..
Kazakhstan,KAZ,2017 [YR2017],27.5
Kenya,KEN,2017 [YR2017],..
Kiribati,KIR,2017 [YR2017],..
"Korea, Dem. People's Rep.",PRK,2017 [YR2017],..
"Korea, Rep.",KOR,2017 [YR2017],..
Kosovo,XKX,2017 [YR2017],29
Kuwait,KWT,2017 [YR2017],..
Kyrgyz Republic,KGZ,2017 [YR2017],27.3
Lao PDR,LAO,2017 [YR2017],..
Latvia,LVA,2017 [YR2017],35.6
Lebanon,LBN,2017 [YR2017],..
Lesotho,LSO,2017 [YR2017],44.9
Liberia,LBR,2017 [YR2017],..
Libya,LBY,2017 [YR2017],..
Liechtenstein,LIE,2017 [YR2017],..
Lithuania,LTU,2017 [YR2017],37.3
Luxembourg,LUX,2017 [YR2017],34.5
"Macao SAR, China",MAC,2017 [YR2017],..
Madagascar,MDG,2017 [YR2017],..
Malawi,MWI,2017 [YR2017],..
Malaysia,MYS,2017 [YR2017],..
Maldives,MDV,2017 [YR2017],..
Mali,MLI,2017 [YR2017],..
Malta,MLT,2017 [YR2017],29.2
Marshall Islands,MHL,2017 [YR2017],..
Mauritania,MRT,2017 [YR2017],..
Mauritius,MUS,2017 [YR2017],36.8
Mexico,MEX,2017 [YR2017],..
"Micronesia, Fed. Sts.",FSM,2017 [YR2017],..
Moldova,MDA,2017 [YR2017],25.9
Monaco,MCO,2017 [YR2017],..
Mongolia,MNG,2017 [YR2017],..
Montenegro,MNE,2017 [YR2017],36.9
Morocco,MAR,2017 [YR2017],..
Mozambique,MOZ,2017 [YR2017],..
Myanmar,MMR,2017 [YR2017],30.7
Namibia,NAM,2017 [YR2017],..
Nauru,NRU,2017 [YR2017],..
Nepal,NPL,2017 [YR2017],..
Netherlands,NLD,2017 [YR2017],28.5
New Caledonia,NCL,2017 [YR2017],..
New Zealand,NZL,2017 [YR2017],..
Nicaragua,NIC,2017 [YR2017],..
Niger,NER,2017 [YR2017],..
Nigeria,NGA,2017 [YR2017],..
North Macedonia,MKD,2017 [YR2017],34.2
Northern Mariana Islands,MNP,2017 [YR2017],..
Norway,NOR,2017 [YR2017],27
Oman,OMN,2017 [YR2017],..
Pakistan,PAK,2017 [YR2017],..
Palau,PLW,2017 [YR2017],..
Panama,PAN,2017 [YR2017],49.9
Papua New Guinea,PNG,2017 [YR2017],..
Paraguay,PRY,2017 [YR2017],48.5
Peru,PER,2017 [YR2017],43.3
Philippines,PHL,2017 [YR2017],..
Poland,POL,2017 [YR2017],29.7
Portugal,PRT,2017 [YR2017],33.8
Puerto Rico,PRI,2017 [YR2017],..
Qatar,QAT,2017 [YR2017],..
Romania,ROU,2017 [YR2017],36
Russian Federation,RUS,2017 [YR2017],37.2
Rwanda,RWA,2017 [YR2017],..
Samoa,WSM,2017 [YR2017],..
San Marino,SMR,2017 [YR2017],..
Sao Tome and Principe,STP,2017 [YR2017],40.7
Saudi Arabia,SAU,2017 [YR2017],..
Senegal,SEN,2017 [YR2017],..
Serbia,SRB,2017 [YR2017],36.2
Seychelles,SYC,2017 [YR2017],..
Sierra Leone,SLE,2017 [YR2017],..
Singapore,SGP,2017 [YR2017],..
Sint Maarten (Dutch part),SXM,2017 [YR2017],..
Slovak Republic,SVK,2017 [YR2017],23.2
Slovenia,SVN,2017 [YR2017],24.2
Solomon Islands,SLB,2017 [YR2017],..
Somalia,SOM,2017 [YR2017],..
South Africa,ZAF,2017 [YR2017],..
South Sudan,SSD,2017 [YR2017],..
Spain,ESP,2017 [YR2017],34.7
Sri Lanka,LKA,2017 [YR2017],..
St. Kitts and Nevis,KNA,2017 [YR2017],..
St. Lucia,LCA,2017 [YR2017],..
St. Martin (French part),MAF,2017 [YR2017],..
St. Vincent and the Grenadines,VCT,2017 [YR2017],..
Sudan,SDN,2017 [YR2017],..
Suriname,SUR,2017 [YR2017],..
Sweden,SWE,2017 [YR2017],28.8
Switzerland,CHE,2017 [YR2017],32.7
Syrian Arab Republic,SYR,2017 [YR2017],..
Tajikistan,TJK,2017 [YR2017],..
Tanzania,TZA,2017 [YR2017],..
Thailand,THA,2017 [YR2017],36.5
Timor-Leste,TLS,2017 [YR2017],..
Togo,TGO,2017 [YR2017],..
Tonga,TON,2017 [YR2017],..
Trinidad and Tobago,TTO,2017 [YR2017],..
Tunisia,TUN,2017 [YR2017],..
Turkiye,TUR,2017 [YR2017],41.4
Turkmenistan,TKM,2017 [YR2017],..
Turks and Caicos Islands,TCA,2017 [YR2017],..
Tuvalu,TUV,2017 [YR2017],..
Uganda,UGA,2017 [YR2017],..
Ukraine,UKR,2017 [YR2017],26
United Arab Emirates,ARE,2017 [YR2017],..
United Kingdom,GBR,2017 [YR2017],32.6
United States,USA,2017 [YR2017],41.2
Uruguay,URY,2017 [YR2017],39.5
Uzbekistan,UZB,2017 [YR2017],..
Vanuatu,VUT,2017 [YR2017],..
"Venezuela, RB",VEN,2017 [YR2017],..
Viet Nam,VNM,2017 [YR2017],..
Virgin Islands (U.S.),VIR,2017 [YR2017],..
West Bank and Gaza,PSE,2017 [YR2017],..
"Yemen, Rep.",YEM,2017 [YR2017],..
Zambia,ZMB,2017 [YR2017],..
Zimbabwe,ZWE,2017 [YR2017],44.3
,,2017 [YR2017],
,,2017 [YR2017],
,,2017 [YR2017],
,,2017 [YR2017],
,,2017 [YR2017],
Afghanistan,AFG,2018 [YR2018],..
Albania,ALB,2018 [YR2018],30.1
Algeria,DZA,2018 [YR2018],..
American Samoa,ASM,2018 [YR2018],..
Andorra,AND,2018 [YR2018],..
Angola,AGO,2018 [YR2018],51.3
Antigua and Barbuda,ATG,2018 [YR2018],..
Argentina,ARG,2018 [YR2018],41.3
Armenia,ARM,2018 [YR2018],34.4
Aruba,ABW,2018 [YR2018],..
Australia,AUS,2018 [YR2018],34.3
Austria,AUT,2018 [YR2018],30.8
Azerbaijan,AZE,2018 [YR2018],..
"Bahamas, The",BHS,2018 [YR2018],..
Bahrain,BHR,2018 [YR2018],..
Bangladesh,BGD,2018 [YR2018],..
Barbados,BRB,2018 [YR2018],..
Belarus,BLR,2018 [YR2018],25.2
Belgium,BEL,2018 [YR2018],27.2
Belize,BLZ,2018 [YR2018],..
Benin,BEN,2018 [YR2018],37.9
Bermuda,BMU,2018 [YR2018],..
Bhutan,BTN,2018 [YR2018],..
Bolivia,BOL,2018 [YR2018],42.6
Bosnia and Herzegovina,BIH,2018 [YR2018],..
Botswana,BWA,2018 [YR2018],..
Brazil,BRA,2018 [YR2018],53.9
British Virgin Islands,VGB,2018 [YR2018],..
Brunei Darussalam,BRN,2018 [YR2018],..
Bulgaria,BGR,2018 [YR2018],41.3
Burkina Faso,BFA,2018 [YR2018],43
Burundi,BDI,2018 [YR2018],..
Cabo Verde,CPV,2018 [YR2018],..
Cambodia,KHM,2018 [YR2018],..
Cameroon,CMR,2018 [YR2018],..
Canada,CAN,2018 [YR2018],32.5
Cayman Islands,CYM,2018 [YR2018],..
Central African Republic,CAF,2018 [YR2018],..
Chad,TCD,2018 [YR2018],37.5
Channel Islands,CHI,2018 [YR2018],..
Chile,CHL,2018 [YR2018],..
China,CHN,2018 [YR2018],38.5
Colombia,COL,2018 [YR2018],50.4
Comoros,COM,2018 [YR2018],..
"Congo, Dem. Rep.",COD,2018 [YR2018],..
"Congo, Rep.",COG,2018 [YR2018],..
Costa Rica,CRI,2018 [YR2018],48
Cote d'Ivoire,CIV,2018 [YR2018],37.2
Croatia,HRV,2018 [YR2018],29.7
Cuba,CUB,2018 [YR2018],..
Curacao,CUW,2018 [YR2018],..
Cyprus,CYP,2018 [YR2018],32.7
Czechia,CZE,2018 [YR2018],25
Denmark,DNK,2018 [YR2018],28.2
Djibouti,DJI,2018 [YR2018],..
Dominica,DMA,2018 [YR2018],..
Dominican Republic,DOM,2018 [YR2018],43.7
Ecuador,ECU,2018 [YR2018],45.4
"Egypt, Arab Rep.",EGY,2018 [YR2018],..
El Salvador,SLV,2018 [YR2018],38.6
Equatorial Guinea,GNQ,2018 [YR2018],..
Eritrea,ERI,2018 [YR2018],..
Estonia,EST,2018 [YR2018],30.3
Eswatini,SWZ,2018 [YR2018],..
Ethiopia,ETH,2018 [YR2018],..
Faroe Islands,FRO,2018 [YR2018],..
Fiji,FJI,2018 [YR2018],..
Finland,FIN,2018 [YR2018],27.3
France,FRA,2018 [YR2018],32.4
French Polynesia,PYF,2018 [YR2018],..
Gabon,GAB,2018 [YR2018],..
"Gambia, The",GMB,2018 [YR2018],..
Georgia,GEO,2018 [YR2018],36.4
Germany,DEU,2018 [YR2018],31.8
Ghana,GHA,2018 [YR2018],..
Gibraltar,GIB,2018 [YR2018],..
Greece,GRC,2018 [YR2018],32.9
Greenland,GRL,2018 [YR2018],..
Grenada,GRD,2018 [YR2018],..
Guam,GUM,2018 [YR2018],..
Guatemala,GTM,2018 [YR2018],..
Guinea,GIN,2018 [YR2018],29.6
Guinea-Bissau,GNB,2018 [YR2018],34.8
Guyana,GUY,2018 [YR2018],..
Haiti,HTI,2018 [YR2018],..
Honduras,HND,2018 [YR2018],48.9
"Hong Kong SAR, China",HKG,2018 [YR2018],..
Hungary,HUN,2018 [YR2018],29.6
Iceland,ISL,2018 [YR2018],..
India,IND,2018 [YR2018],34.6
Indonesia,IDN,2018 [YR2018],38.4
"Iran, Islamic Rep.",IRN,2018 [YR2018],42
Iraq,IRQ,2018 [YR2018],..
Ireland,IRL,2018 [YR2018],30.6
Isle of Man,IMN,2018 [YR2018],..
Israel,ISR,2018 [YR2018],38.6
Italy,ITA,2018 [YR2018],35.2
Jamaica,JAM,2018 [YR2018],..
Japan,JPN,2018 [YR2018],..
Jordan,JOR,2018 [YR2018],..
Kazakhstan,KAZ,2018 [YR2018],27.8
Kenya,KEN,2018 [YR2018],..
Kiribati,KIR,2018 [YR2018],..
"Korea, Dem. People's Rep.",PRK,2018 [YR2018],..
"Korea, Rep.",KOR,2018 [YR2018],..
Kosovo,XKX,2018 [YR2018],..
Kuwait,KWT,2018 [YR2018],..
Kyrgyz Republic,KGZ,2018 [YR2018],27.7
Lao PDR,LAO,2018 [YR2018],38.8
Latvia,LVA,2018 [YR2018],35.1
Lebanon,LBN,2018 [YR2018],..
Lesotho,LSO,2018 [YR2018],..
Liberia,LBR,2018 [YR2018],..
Libya,LBY,2018 [YR2018],..
Liechtenstein,LIE,2018 [YR2018],..
Lithuania,LTU,2018 [YR2018],35.7
Luxembourg,LUX,2018 [YR2018],35.4
"Macao SAR, China",MAC,2018 [YR2018],..
Madagascar,MDG,2018 [YR2018],..
Malawi,MWI,2018 [YR2018],..
Malaysia,MYS,2018 [YR2018],41.2
Maldives,MDV,2018 [YR2018],..
Mali,MLI,2018 [YR2018],36
Malta,MLT,2018 [YR2018],28.7
Marshall Islands,MHL,2018 [YR2018],..
Mauritania,MRT,2018 [YR2018],..
Mauritius,MUS,2018 [YR2018],..
Mexico,MEX,2018 [YR2018],46.7
"Micronesia, Fed. Sts.",FSM,2018 [YR2018],..
Moldova,MDA,2018 [YR2018],25.7
Monaco,MCO,2018 [YR2018],..
Mongolia,MNG,2018 [YR2018],32.7
Montenegro,MNE,2018 [YR2018],36.8
Morocco,MAR,2018 [YR2018],..
Mozambique,MOZ,2018 [YR2018],..
Myanmar,MMR,2018 [YR2018],..
Namibia,NAM,2018 [YR2018],..
Nauru,NRU,2018 [YR2018],..
Nepal,NPL,2018 [YR2018],..
Netherlands,NLD,2018 [YR2018],28.1
New Caledonia,NCL,2018 [YR2018],..
New Zealand,NZL,2018 [YR2018],..
Nicaragua,NIC,2018 [YR2018],..
Niger,NER,2018 [YR2018],37.3
Nigeria,NGA,2018 [YR2018],35.1
North Macedonia,MKD,2018 [YR2018],33
Northern Mariana Islands,MNP,2018 [YR2018],..
Norway,NOR,2018 [YR2018],27.6
Oman,OMN,2018 [YR2018],..
Pakistan,PAK,2018 [YR2018],29.6
Palau,PLW,2018 [YR2018],..
Panama,PAN,2018 [YR2018],49.2
Papua New Guinea,PNG,2018 [YR2018],..
Paraguay,PRY,2018 [YR2018],46
Peru,PER,2018 [YR2018],42.4
Philippines,PHL,2018 [YR2018],42.3
Poland,POL,2018 [YR2018],30.2
Portugal,PRT,2018 [YR2018],33.5
Puerto Rico,PRI,2018 [YR2018],..
Qatar,QAT,2018 [YR2018],..
Romania,ROU,2018 [YR2018],35.8
Russian Federation,RUS,2018 [YR2018],37.5
Rwanda,RWA,2018 [YR2018],..
Samoa,WSM,2018 [YR2018],..
San Marino,SMR,2018 [YR2018],..
Sao Tome and Principe,STP,2018 [YR2018],..
Saudi Arabia,SAU,2018 [YR2018],..
Senegal,SEN,2018 [YR2018],38.3
Serbia,SRB,2018 [YR2018],35
Seychelles,SYC,2018 [YR2018],32.1
Sierra Leone,SLE,2018 [YR2018],35.7
Singapore,SGP,2018 [YR2018],..
Sint Maarten (Dutch part),SXM,2018 [YR2018],..
Slovak Republic,SVK,2018 [YR2018],25
Slovenia,SVN,2018 [YR2018],24.6
Solomon Islands,SLB,2018 [YR2018],..
Somalia,SOM,2018 [YR2018],..
South Africa,ZAF,2018 [YR2018],..
South Sudan,SSD,2018 [YR2018],..
Spain,ESP,2018 [YR2018],34.7
Sri Lanka,LKA,2018 [YR2018],..
St. Kitts and Nevis,KNA,2018 [YR2018],..
St. Lucia,LCA,2018 [YR2018],..
St. Martin (French part),MAF,2018 [YR2018],..
St. Vincent and the Grenadines,VCT,2018 [YR2018],..
Sudan,SDN,2018 [YR2018],..
Suriname,SUR,2018 [YR2018],..
Sweden,SWE,2018 [YR2018],30
Switzerland,CHE,2018 [YR2018],33.1
Syrian Arab Republic,SYR,2018 [YR2018],..
Tajikistan,TJK,2018 [YR2018],..
Tanzania,TZA,2018 [YR2018],40.5
Thailand,THA,2018 [YR2018],36.4
Timor-Leste,TLS,2018 [YR2018],..
Togo,TGO,2018 [YR2018],42.5
Tonga,TON,2018 [YR2018],..
Trinidad and Tobago,TTO,2018 [YR2018],..
Tunisia,TUN,2018 [YR2018],..
Turkiye,TUR,2018 [YR2018],41.9
Turkmenistan,TKM,2018 [YR2018],..
Turks and Caicos Islands,TCA,2018 [YR2018],..
Tuvalu,TUV,2018 [YR2018],..
Uganda,UGA,2018 [YR2018],..
Ukraine,UKR,2018 [YR2018],26.1
United Arab Emirates,ARE,2018 [YR2018],26
United Kingdom,GBR,2018 [YR2018],33.7
United States,USA,2018 [YR2018],41.4
Uruguay,URY,2018 [YR2018],39.7
Uzbekistan,UZB,2018 [YR2018],..
Vanuatu,VUT,2018 [YR2018],..
"Venezuela, RB",VEN,2018 [YR2018],..
Viet Nam,VNM,2018 [YR2018],35.7
Virgin Islands (U.S.),VIR,2018 [YR2018],..
West Bank and Gaza,PSE,2018 [YR2018],..
"Yemen, Rep.",YEM,2018 [YR2018],..
Zambia,ZMB,2018 [YR2018],..
Zimbabwe,ZWE,2018 [YR2018],..
,,2018 [YR2018],
,,2018 [YR2018],
,,2018 [YR2018],
,,2018 [YR2018],
,,2018 [YR2018],
Afghanistan,AFG,2019 [YR2019],..
Albania,ALB,2019 [YR2019],30.1
Algeria,DZA,2019 [YR2019],..
American Samoa,ASM,2019 [YR2019],..
Andorra,AND,2019 [YR2019],..
Angola,AGO,2019 [YR2019],..
Antigua and Barbuda,ATG,2019 [YR2019],..
Argentina,ARG,2019 [YR2019],42.9
Armenia,ARM,2019 [YR2019],30
Aruba,ABW,2019 [YR2019],..
Australia,AUS,2019 [YR2019],..
Austria,AUT,2019 [YR2019],30.2
Azerbaijan,AZE,2019 [YR2019],..
"Bahamas, The",BHS,2019 [YR2019],..
Bahrain,BHR,2019 [YR2019],..
Bangladesh,BGD,2019 [YR2019],..
Barbados,BRB,2019 [YR2019],..
Belarus,BLR,2019 [YR2019],25.3
Belgium,BEL,2019 [YR2019],27.2
Belize,BLZ,2019 [YR2019],..
Benin,BEN,2019 [YR2019],..
Bermuda,BMU,2019 [YR2019],..
Bhutan,BTN,2019 [YR2019],..
Bolivia,BOL,2019 [YR2019],41.6
Bosnia and Herzegovina,BIH,2019 [YR2019],..
Botswana,BWA,2019 [YR2019],..
Brazil,BRA,2019 [YR2019],53.5
British Virgin Islands,VGB,2019 [YR2019],..
Brunei Darussalam,BRN,2019 [YR2019],..
Bulgaria,BGR,2019 [YR2019],40.3
Burkina Faso,BFA,2019 [YR2019],..
Burundi,BDI,2019 [YR2019],..
Cabo Verde,CPV,2019 [YR2019],..
Cambodia,KHM,2019 [YR2019],..
Cameroon,CMR,2019 [YR2019],..
Canada,CAN,2019 [YR2019],31.7
Cayman Islands,CYM,2019 [YR2019],..
Central African Republic,CAF,2019 [YR2019],..
Chad,TCD,2019 [YR2019],..
Channel Islands,CHI,2019 [YR2019],..
Chile,CHL,2019 [YR2019],..
China,CHN,2019 [YR2019],38.2
Colombia,COL,2019 [YR2019],51.3
Comoros,COM,2019 [YR2019],..
"Congo, Dem. Rep.",COD,2019 [YR2019],..
"Congo, Rep.",COG,2019 [YR2019],..
Costa Rica,CRI,2019 [YR2019],48.2
Cote d'Ivoire,CIV,2019 [YR2019],..
Croatia,HRV,2019 [YR2019],28.9
Cuba,CUB,2019 [YR2019],..
Curacao,CUW,2019 [YR2019],..
Cyprus,CYP,2019 [YR2019],31.2
Czechia,CZE,2019 [YR2019],25.3
Denmark,DNK,2019 [YR2019],27.7
Djibouti,DJI,2019 [YR2019],..
Dominica,DMA,2019 [YR2019],..
Dominican Republic,DOM,2019 [YR2019],41.9
Ecuador,ECU,2019 [YR2019],45.7
"Egypt, Arab Rep.",EGY,2019 [YR2019],31.9
El Salvador,SLV,2019 [YR2019],38.8
Equatorial Guinea,GNQ,2019 [YR2019],..
Eritrea,ERI,2019 [YR2019],..
Estonia,EST,2019 [YR2019],30.8
Eswatini,SWZ,2019 [YR2019],..
Ethiopia,ETH,2019 [YR2019],..
Faroe Islands,FRO,2019 [YR2019],..
Fiji,FJI,2019 [YR2019],30.7
Finland,FIN,2019 [YR2019],27.7
France,FRA,2019 [YR2019],31.2
French Polynesia,PYF,2019 [YR2019],..
Gabon,GAB,2019 [YR2019],..
"Gambia, The",GMB,2019 [YR2019],..
Georgia,GEO,2019 [YR2019],35.9
Germany,DEU,2019 [YR2019],31.7
Ghana,GHA,2019 [YR2019],..
Gibraltar,GIB,2019 [YR2019],..
Greece,GRC,2019 [YR2019],33.1
Greenland,GRL,2019 [YR2019],..
Grenada,GRD,2019 [YR2019],..
Guam,GUM,2019 [YR2019],..
Guatemala,GTM,2019 [YR2019],..
Guinea,GIN,2019 [YR2019],..
Guinea-Bissau,GNB,2019 [YR2019],..
Guyana,GUY,2019 [YR2019],..
Haiti,HTI,2019 [YR2019],..
Honduras,HND,2019 [YR2019],48.2
"Hong Kong SAR, China",HKG,2019 [YR2019],..
Hungary,HUN,2019 [YR2019],30
Iceland,ISL,2019 [YR2019],..
India,IND,2019 [YR2019],35
Indonesia,IDN,2019 [YR2019],37.6
"Iran, Islamic Rep.",IRN,2019 [YR2019],40.9
Iraq,IRQ,2019 [YR2019],..
Ireland,IRL,2019 [YR2019],30.8
Isle of Man,IMN,2019 [YR2019],..
Israel,ISR,2019 [YR2019],..
Italy,ITA,2019 [YR2019],34.6
Jamaica,JAM,2019 [YR2019],..
Japan,JPN,2019 [YR2019],..
Jordan,JOR,2019 [YR2019],..
Kazakhstan,KAZ,2019 [YR2019],..
Kenya,KEN,2019 [YR2019],..
Kiribati,KIR,2019 [YR2019],27.8
"Korea, Dem. People's Rep.",PRK,2019 [YR2019],..
"Korea, Rep.",KOR,2019 [YR2019],..
Kosovo,XKX,2019 [YR2019],..
Kuwait,KWT,2019 [YR2019],..
Kyrgyz Republic,KGZ,2019 [YR2019],29.7
Lao PDR,LAO,2019 [YR2019],..
Latvia,LVA,2019 [YR2019],34.5
Lebanon,LBN,2019 [YR2019],..
Lesotho,LSO,2019 [YR2019],..
Liberia,LBR,2019 [YR2019],..
Libya,LBY,2019 [YR2019],..
Liechtenstein,LIE,2019 [YR2019],..
Lithuania,LTU,2019 [YR2019],35.3
Luxembourg,LUX,2019 [YR2019],34.2
"Macao SAR, China",MAC,2019 [YR2019],..
Madagascar,MDG,2019 [YR2019],..
Malawi,MWI,2019 [YR2019],38.5
Malaysia,MYS,2019 [YR2019],..
Maldives,MDV,2019 [YR2019],29.3
Mali,MLI,2019 [YR2019],..
Malta,MLT,2019 [YR2019],31
Marshall Islands,MHL,2019 [YR2019],35.5
Mauritania,MRT,2019 [YR2019],..
Mauritius,MUS,2019 [YR2019],..
Mexico,MEX,2019 [YR2019],..
"Micronesia, Fed. Sts.",FSM,2019 [YR2019],..
Moldova,MDA,2019 [YR2019],26
Monaco,MCO,2019 [YR2019],..
Mongolia,MNG,2019 [YR2019],..
Montenegro,MNE,2019 [YR2019],..
Morocco,MAR,2019 [YR2019],..
Mozambique,MOZ,2019 [YR2019],50.5
Myanmar,MMR,2019 [YR2019],..
Namibia,NAM,2019 [YR2019],..
Nauru,NRU,2019 [YR2019],..
Nepal,NPL,2019 [YR2019],..
Netherlands,NLD,2019 [YR2019],29.2
New Caledonia,NCL,2019 [YR2019],..
New Zealand,NZL,2019 [YR2019],..
Nicaragua,NIC,2019 [YR2019],..
Niger,NER,2019 [YR2019],..
Nigeria,NGA,2019 [YR2019],..
North Macedonia,MKD,2019 [YR2019],33.5
Northern Mariana Islands,MNP,2019 [YR2019],..
Norway,NOR,2019 [YR2019],27.7
Oman,OMN,2019 [YR2019],..
Pakistan,PAK,2019 [YR2019],..
Palau,PLW,2019 [YR2019],..
Panama,PAN,2019 [YR2019],49.8
Papua New Guinea,PNG,2019 [YR2019],..
Paraguay,PRY,2019 [YR2019],45.7
Peru,PER,2019 [YR2019],41.6
Philippines,PHL,2019 [YR2019],..
Poland,POL,2019 [YR2019],28.8
Portugal,PRT,2019 [YR2019],32.8
Puerto Rico,PRI,2019 [YR2019],..
Qatar,QAT,2019 [YR2019],..
Romania,ROU,2019 [YR2019],34.8
Russian Federation,RUS,2019 [YR2019],37.7
Rwanda,RWA,2019 [YR2019],..
Samoa,WSM,2019 [YR2019],..
San Marino,SMR,2019 [YR2019],..
Sao Tome and Principe,STP,2019 [YR2019],..
Saudi Arabia,SAU,2019 [YR2019],..
Senegal,SEN,2019 [YR2019],..
Serbia,SRB,2019 [YR2019],34.5
Seychelles,SYC,2019 [YR2019],..
Sierra Leone,SLE,2019 [YR2019],..
Singapore,SGP,2019 [YR2019],..
Sint Maarten (Dutch part),SXM,2019 [YR2019],..
Slovak Republic,SVK,2019 [YR2019],23.2
Slovenia,SVN,2019 [YR2019],24.4
Solomon Islands,SLB,2019 [YR2019],..
Somalia,SOM,2019 [YR2019],..
South Africa,ZAF,2019 [YR2019],..
South Sudan,SSD,2019 [YR2019],..
Spain,ESP,2019 [YR2019],34.3
Sri Lanka,LKA,2019 [YR2019],37.7
St. Kitts and Nevis,KNA,2019 [YR2019],..
St. Lucia,LCA,2019 [YR2019],..
St. Martin (French part),MAF,2019 [YR2019],..
St. Vincent and the Grenadines,VCT,2019 [YR2019],..
Sudan,SDN,2019 [YR2019],..
Suriname,SUR,2019 [YR2019],..
Sweden,SWE,2019 [YR2019],29.3
Switzerland,CHE,2019 [YR2019],..
Syrian Arab Republic,SYR,2019 [YR2019],..
Tajikistan,TJK,2019 [YR2019],..
Tanzania,TZA,2019 [YR2019],..
Thailand,THA,2019 [YR2019],34.9
Timor-Leste,TLS,2019 [YR2019],..
Togo,TGO,2019 [YR2019],..
Tonga,TON,2019 [YR2019],..
Trinidad and Tobago,TTO,2019 [YR2019],..
Tunisia,TUN,2019 [YR2019],..
Turkiye,TUR,2019 [YR2019],41.9
Turkmenistan,TKM,2019 [YR2019],..
Turks and Caicos Islands,TCA,2019 [YR2019],..
Tuvalu,TUV,2019 [YR2019],..
Uganda,UGA,2019 [YR2019],42.7
Ukraine,UKR,2019 [YR2019],26.6
United Arab Emirates,ARE,2019 [YR2019],..
United Kingdom,GBR,2019 [YR2019],32.8
United States,USA,2019 [YR2019],41.5
Uruguay,URY,2019 [YR2019],39.7
Uzbekistan,UZB,2019 [YR2019],..
Vanuatu,VUT,2019 [YR2019],32.3
"Venezuela, RB",VEN,2019 [YR2019],..
Viet Nam,VNM,2019 [YR2019],..
Virgin Islands (U.S.),VIR,2019 [YR2019],..
West Bank and Gaza,PSE,2019 [YR2019],..
"Yemen, Rep.",YEM,2019 [YR2019],..
Zambia,ZMB,2019 [YR2019],..
Zimbabwe,ZWE,2019 [YR2019],50.3
,,2019 [YR2019],
,,2019 [YR2019],
,,2019 [YR2019],
,,2019 [YR2019],
,,2019 [YR2019],
Afghanistan,AFG,2020 [YR2020],..
Albania,ALB,2020 [YR2020],29.4
Algeria,DZA,2020 [YR2020],..
American Samoa,ASM,2020 [YR2020],..
Andorra,AND,2020 [YR2020],..
Angola,AGO,2020 [YR2020],..
Antigua and Barbuda,ATG,2020 [YR2020],..
Argentina,ARG,2020 [YR2020],42.3
Armenia,ARM,2020 [YR2020],25.1
Aruba,ABW,2020 [YR2020],..
Australia,AUS,2020 [YR2020],..
Austria,AUT,2020 [YR2020],29.8
Azerbaijan,AZE,2020 [YR2020],..
"Bahamas, The",BHS,2020 [YR2020],..
Bahrain,BHR,2020 [YR2020],..
Bangladesh,BGD,2020 [YR2020],..
Barbados,BRB,2020 [YR2020],..
Belarus,BLR,2020 [YR2020],24.4
Belgium,BEL,2020 [YR2020],26
Belize,BLZ,2020 [YR2020],..
Benin,BEN,2020 [YR2020],..
Bermuda,BMU,2020 [YR2020],..
Bhutan,BTN,2020 [YR2020],..
Bolivia,BOL,2020 [YR2020],43.6
Bosnia and Herzegovina,BIH,2020 [YR2020],..
Botswana,BWA,2020 [YR2020],..
Brazil,BRA,2020 [YR2020],48.9
British Virgin Islands,VGB,2020 [YR2020],..
Brunei Darussalam,BRN,2020 [YR2020],..
Bulgaria,BGR,2020 [YR2020],40.5
Burkina Faso,BFA,2020 [YR2020],..
Burundi,BDI,2020 [YR2020],..
Cabo Verde,CPV,2020 [YR2020],..
Cambodia,KHM,2020 [YR2020],..
Cameroon,CMR,2020 [YR2020],..
Canada,CAN,2020 [YR2020],..
Cayman Islands,CYM,2020 [YR2020],..
Central African Republic,CAF,2020 [YR2020],..
Chad,TCD,2020 [YR2020],..
Channel Islands,CHI,2020 [YR2020],..
Chile,CHL,2020 [YR2020],44.9
China,CHN,2020 [YR2020],37.1
Colombia,COL,2020 [YR2020],53.5
Comoros,COM,2020 [YR2020],..
"Congo, Dem. Rep.",COD,2020 [YR2020],..
"Congo, Rep.",COG,2020 [YR2020],..
Costa Rica,CRI,2020 [YR2020],49.2
Cote d'Ivoire,CIV,2020 [YR2020],..
Croatia,HRV,2020 [YR2020],29.5
Cuba,CUB,2020 [YR2020],..
Curacao,CUW,2020 [YR2020],..
Cyprus,CYP,2020 [YR2020],31.7
Czechia,CZE,2020 [YR2020],26.2
Denmark,DNK,2020 [YR2020],27.5
Djibouti,DJI,2020 [YR2020],..
Dominica,DMA,2020 [YR2020],..
Dominican Republic,DOM,2020 [YR2020],39.6
Ecuador,ECU,2020 [YR2020],47.3
"Egypt, Arab Rep.",EGY,2020 [YR2020],..
El Salvador,SLV,2020 [YR2020],..
Equatorial Guinea,GNQ,2020 [YR2020],..
Eritrea,ERI,2020 [YR2020],..
Estonia,EST,2020 [YR2020],30.7
Eswatini,SWZ,2020 [YR2020],..
Ethiopia,ETH,2020 [YR2020],..
Faroe Islands,FRO,2020 [YR2020],..
Fiji,FJI,2020 [YR2020],..
Finland,FIN,2020 [YR2020],27.1
France,FRA,2020 [YR2020],30.7
French Polynesia,PYF,2020 [YR2020],..
Gabon,GAB,2020 [YR2020],..
"Gambia, The",GMB,2020 [YR2020],38.8
Georgia,GEO,2020 [YR2020],34.5
Germany,DEU,2020 [YR2020],..
Ghana,GHA,2020 [YR2020],..
Gibraltar,GIB,2020 [YR2020],..
Greece,GRC,2020 [YR2020],33.6
Greenland,GRL,2020 [YR2020],..
Grenada,GRD,2020 [YR2020],..
Guam,GUM,2020 [YR2020],..
Guatemala,GTM,2020 [YR2020],..
Guinea,GIN,2020 [YR2020],..
Guinea-Bissau,GNB,2020 [YR2020],..
Guyana,GUY,2020 [YR2020],..
Haiti,HTI,2020 [YR2020],..
Honduras,HND,2020 [YR2020],..
"Hong Kong SAR, China",HKG,2020 [YR2020],..
Hungary,HUN,2020 [YR2020],29.7
Iceland,ISL,2020 [YR2020],..
India,IND,2020 [YR2020],34.8
Indonesia,IDN,2020 [YR2020],37.6
"Iran, Islamic Rep.",IRN,2020 [YR2020],..
Iraq,IRQ,2020 [YR2020],..
Ireland,IRL,2020 [YR2020],29.2
Isle of Man,IMN,2020 [YR2020],..
Israel,ISR,2020 [YR2020],..
Italy,ITA,2020 [YR2020],35.2
Jamaica,JAM,2020 [YR2020],..
Japan,JPN,2020 [YR2020],..
Jordan,JOR,2020 [YR2020],..
Kazakhstan,KAZ,2020 [YR2020],..
Kenya,KEN,2020 [YR2020],36.2
Kiribati,KIR,2020 [YR2020],..
"Korea, Dem. People's Rep.",PRK,2020 [YR2020],..
"Korea, Rep.",KOR,2020 [YR2020],..
Kosovo,XKX,2020 [YR2020],..
Kuwait,KWT,2020 [YR2020],..
Kyrgyz Republic,KGZ,2020 [YR2020],29
Lao PDR,LAO,2020 [YR2020],..
Latvia,LVA,2020 [YR2020],35.7
Lebanon,LBN,2020 [YR2020],..
Lesotho,LSO,2020 [YR2020],..
Liberia,LBR,2020 [YR2020],..
Libya,LBY,2020 [YR2020],..
Liechtenstein,LIE,2020 [YR2020],..
Lithuania,LTU,2020 [YR2020],36
Luxembourg,LUX,2020 [YR2020],33.4
"Macao SAR, China",MAC,2020 [YR2020],..
Madagascar,MDG,2020 [YR2020],..
Malawi,MWI,2020 [YR2020],..
Malaysia,MYS,2020 [YR2020],..
Maldives,MDV,2020 [YR2020],..
Mali,MLI,2020 [YR2020],..
Malta,MLT,2020 [YR2020],31.4
Marshall Islands,MHL,2020 [YR2020],..
Mauritania,MRT,2020 [YR2020],..
Mauritius,MUS,2020 [YR2020],..
Mexico,MEX,2020 [YR2020],45.4
"Micronesia, Fed. Sts.",FSM,2020 [YR2020],..
Moldova,MDA,2020 [YR2020],..
Monaco,MCO,2020 [YR2020],..
Mongolia,MNG,2020 [YR2020],..
Montenegro,MNE,2020 [YR2020],..
Morocco,MAR,2020 [YR2020],..
Mozambique,MOZ,2020 [YR2020],..
Myanmar,MMR,2020 [YR2020],..
Namibia,NAM,2020 [YR2020],..
Nauru,NRU,2020 [YR2020],..
Nepal,NPL,2020 [YR2020],..
Netherlands,NLD,2020 [YR2020],26
New Caledonia,NCL,2020 [YR2020],..
New Zealand,NZL,2020 [YR2020],..
Nicaragua,NIC,2020 [YR2020],..
Niger,NER,2020 [YR2020],..
Nigeria,NGA,2020 [YR2020],..
North Macedonia,MKD,2020 [YR2020],..
Northern Mariana Islands,MNP,2020 [YR2020],..
Norway,NOR,2020 [YR2020],..
Oman,OMN,2020 [YR2020],..
Pakistan,PAK,2020 [YR2020],..
Palau,PLW,2020 [YR2020],..
Panama,PAN,2020 [YR2020],..
Papua New Guinea,PNG,2020 [YR2020],..
Paraguay,PRY,2020 [YR2020],43.5
Peru,PER,2020 [YR2020],43.8
Philippines,PHL,2020 [YR2020],..
Poland,POL,2020 [YR2020],..
Portugal,PRT,2020 [YR2020],34.7
Puerto Rico,PRI,2020 [YR2020],..
Qatar,QAT,2020 [YR2020],..
Romania,ROU,2020 [YR2020],34.6
Russian Federation,RUS,2020 [YR2020],36
Rwanda,RWA,2020 [YR2020],..
Samoa,WSM,2020 [YR2020],..
San Marino,SMR,2020 [YR2020],..
Sao Tome and Principe,STP,2020 [YR2020],..
Saudi Arabia,SAU,2020 [YR2020],..
Senegal,SEN,2020 [YR2020],..
Serbia,SRB,2020 [YR2020],35
Seychelles,SYC,2020 [YR2020],..
Sierra Leone,SLE,2020 [YR2020],..
Singapore,SGP,2020 [YR2020],..
Sint Maarten (Dutch part),SXM,2020 [YR2020],..
Slovak Republic,SVK,2020 [YR2020],..
Slovenia,SVN,2020 [YR2020],24
Solomon Islands,SLB,2020 [YR2020],..
Somalia,SOM,2020 [YR2020],..
South Africa,ZAF,2020 [YR2020],..
South Sudan,SSD,2020 [YR2020],..
Spain,ESP,2020 [YR2020],34.9
Sri Lanka,LKA,2020 [YR2020],..
St. Kitts and Nevis,KNA,2020 [YR2020],..
St. Lucia,LCA,2020 [YR2020],..
St. Martin (French part),MAF,2020 [YR2020],..
St. Vincent and the Grenadines,VCT,2020 [YR2020],..
Sudan,SDN,2020 [YR2020],..
Suriname,SUR,2020 [YR2020],..
Sweden,SWE,2020 [YR2020],28.9
Switzerland,CHE,2020 [YR2020],..
Syrian Arab Republic,SYR,2020 [YR2020],..
Tajikistan,TJK,2020 [YR2020],..
Tanzania,TZA,2020 [YR2020],..
Thailand,THA,2020 [YR2020],35
Timor-Leste,TLS,2020 [YR2020],..
Togo,TGO,2020 [YR2020],..
Tonga,TON,2020 [YR2020],..
Trinidad and Tobago,TTO,2020 [YR2020],..
Tunisia,TUN,2020 [YR2020],..
Turkiye,TUR,2020 [YR2020],..
Turkmenistan,TKM,2020 [YR2020],..
Turks and Caicos Islands,TCA,2020 [YR2020],..
Tuvalu,TUV,2020 [YR2020],..
Uganda,UGA,2020 [YR2020],..
Ukraine,UKR,2020 [YR2020],25.6
United Arab Emirates,ARE,2020 [YR2020],..
United Kingdom,GBR,2020 [YR2020],32.6
United States,USA,2020 [YR2020],39.7
Uruguay,URY,2020 [YR2020],40.2
Uzbekistan,UZB,2020 [YR2020],..
Vanuatu,VUT,2020 [YR2020],..
"Venezuela, RB",VEN,2020 [YR2020],..
Viet Nam,VNM,2020 [YR2020],36.8
Virgin Islands (U.S.),VIR,2020 [YR2020],..
West Bank and Gaza,PSE,2020 [YR2020],..
"Yemen, Rep.",YEM,2020 [YR2020],..
Zambia,ZMB,2020 [YR2020],..
Zimbabwe,ZWE,2020 [YR2020],..
,,2020 [YR2020],
,,2020 [YR2020],
,,2020 [YR2020],
,,2020 [YR2020],
,,2020 [YR2020],
Afghanistan,AFG,2021 [YR2021],..
Albania,ALB,2021 [YR2021],..
Algeria,DZA,2021 [YR2021],..
American Samoa,ASM,2021 [YR2021],..
Andorra,AND,2021 [YR2021],..
Angola,AGO,2021 [YR2021],..
Antigua and Barbuda,ATG,2021 [YR2021],..
Argentina,ARG,2021 [YR2021],42
Armenia,ARM,2021 [YR2021],27.9
Aruba,ABW,2021 [YR2021],..
Australia,AUS,2021 [YR2021],..
Austria,AUT,2021 [YR2021],..
Azerbaijan,AZE,2021 [YR2021],..
"Bahamas, The",BHS,2021 [YR2021],..
Bahrain,BHR,2021 [YR2021],..
Bangladesh,BGD,2021 [YR2021],..
Barbados,BRB,2021 [YR2021],..
Belarus,BLR,2021 [YR2021],..
Belgium,BEL,2021 [YR2021],..
Belize,BLZ,2021 [YR2021],..
Benin,BEN,2021 [YR2021],..
Bermuda,BMU,2021 [YR2021],..
Bhutan,BTN,2021 [YR2021],..
Bolivia,BOL,2021 [YR2021],40.9
Bosnia and Herzegovina,BIH,2021 [YR2021],..
Botswana,BWA,2021 [YR2021],..
Brazil,BRA,2021 [YR2021],52.9
British Virgin Islands,VGB,2021 [YR2021],..
Brunei Darussalam,BRN,2021 [YR2021],..
Bulgaria,BGR,2021 [YR2021],..
Burkina Faso,BFA,2021 [YR2021],..
Burundi,BDI,2021 [YR2021],..
Cabo Verde,CPV,2021 [YR2021],..
Cambodia,KHM,2021 [YR2021],..
Cameroon,CMR,2021 [YR2021],..
Canada,CAN,2021 [YR2021],..
Cayman Islands,CYM,2021 [YR2021],..
Central African Republic,CAF,2021 [YR2021],43
Chad,TCD,2021 [YR2021],..
Channel Islands,CHI,2021 [YR2021],..
Chile,CHL,2021 [YR2021],..
China,CHN,2021 [YR2021],..
Colombia,COL,2021 [YR2021],51.5
Comoros,COM,2021 [YR2021],..
"Congo, Dem. Rep.",COD,2021 [YR2021],..
"Congo, Rep.",COG,2021 [YR2021],..
Costa Rica,CRI,2021 [YR2021],48.7
Cote d'Ivoire,CIV,2021 [YR2021],..
Croatia,HRV,2021 [YR2021],..
Cuba,CUB,2021 [YR2021],..
Curacao,CUW,2021 [YR2021],..
Cyprus,CYP,2021 [YR2021],..
Czechia,CZE,2021 [YR2021],..
Denmark,DNK,2021 [YR2021],..
Djibouti,DJI,2021 [YR2021],..
Dominica,DMA,2021 [YR2021],..
Dominican Republic,DOM,2021 [YR2021],38.5
Ecuador,ECU,2021 [YR2021],45.8
"Egypt, Arab Rep.",EGY,2021 [YR2021],..
El Salvador,SLV,2021 [YR2021],39
Equatorial Guinea,GNQ,2021 [YR2021],..
Eritrea,ERI,2021 [YR2021],..
Estonia,EST,2021 [YR2021],..
Eswatini,SWZ,2021 [YR2021],..
Ethiopia,ETH,2021 [YR2021],..
Faroe Islands,FRO,2021 [YR2021],..
Fiji,FJI,2021 [YR2021],..
Finland,FIN,2021 [YR2021],..
France,FRA,2021 [YR2021],..
French Polynesia,PYF,2021 [YR2021],..
Gabon,GAB,2021 [YR2021],..
"Gambia, The",GMB,2021 [YR2021],..
Georgia,GEO,2021 [YR2021],34.2
Germany,DEU,2021 [YR2021],..
Ghana,GHA,2021 [YR2021],..
Gibraltar,GIB,2021 [YR2021],..
Greece,GRC,2021 [YR2021],..
Greenland,GRL,2021 [YR2021],..
Grenada,GRD,2021 [YR2021],..
Guam,GUM,2021 [YR2021],..
Guatemala,GTM,2021 [YR2021],..
Guinea,GIN,2021 [YR2021],..
Guinea-Bissau,GNB,2021 [YR2021],..
Guyana,GUY,2021 [YR2021],..
Haiti,HTI,2021 [YR2021],..
Honduras,HND,2021 [YR2021],..
"Hong Kong SAR, China",HKG,2021 [YR2021],..
Hungary,HUN,2021 [YR2021],..
Iceland,ISL,2021 [YR2021],..
India,IND,2021 [YR2021],34.2
Indonesia,IDN,2021 [YR2021],37.9
"Iran, Islamic Rep.",IRN,2021 [YR2021],..
Iraq,IRQ,2021 [YR2021],..
Ireland,IRL,2021 [YR2021],..
Isle of Man,IMN,2021 [YR2021],..
Israel,ISR,2021 [YR2021],..
Italy,ITA,2021 [YR2021],..
Jamaica,JAM,2021 [YR2021],..
Japan,JPN,2021 [YR2021],..
Jordan,JOR,2021 [YR2021],..
Kazakhstan,KAZ,2021 [YR2021],..
Kenya,KEN,2021 [YR2021],38.7
Kiribati,KIR,2021 [YR2021],..
"Korea, Dem. People's Rep.",PRK,2021 [YR2021],..
"Korea, Rep.",KOR,2021 [YR2021],..
Kosovo,XKX,2021 [YR2021],..
Kuwait,KWT,2021 [YR2021],..
Kyrgyz Republic,KGZ,2021 [YR2021],..
Lao PDR,LAO,2021 [YR2021],..
Latvia,LVA,2021 [YR2021],..
Lebanon,LBN,2021 [YR2021],..
Lesotho,LSO,2021 [YR2021],..
Liberia,LBR,2021 [YR2021],..
Libya,LBY,2021 [YR2021],..
Liechtenstein,LIE,2021 [YR2021],..
Lithuania,LTU,2021 [YR2021],..
Luxembourg,LUX,2021 [YR2021],..
"Macao SAR, China",MAC,2021 [YR2021],..
Madagascar,MDG,2021 [YR2021],..
Malawi,MWI,2021 [YR2021],..
Malaysia,MYS,2021 [YR2021],..
Maldives,MDV,2021 [YR2021],..
Mali,MLI,2021 [YR2021],..
Malta,MLT,2021 [YR2021],..
Marshall Islands,MHL,2021 [YR2021],..
Mauritania,MRT,2021 [YR2021],..
Mauritius,MUS,2021 [YR2021],..
Mexico,MEX,2021 [YR2021],..
"Micronesia, Fed. Sts.",FSM,2021 [YR2021],..
Moldova,MDA,2021 [YR2021],25.7
Monaco,MCO,2021 [YR2021],..
Mongolia,MNG,2021 [YR2021],..
Montenegro,MNE,2021 [YR2021],..
Morocco,MAR,2021 [YR2021],..
Mozambique,MOZ,2021 [YR2021],..
Myanmar,MMR,2021 [YR2021],..
Namibia,NAM,2021 [YR2021],..
Nauru,NRU,2021 [YR2021],..
Nepal,NPL,2021 [YR2021],..
Netherlands,NLD,2021 [YR2021],..
New Caledonia,NCL,2021 [YR2021],..
New Zealand,NZL,2021 [YR2021],..
Nicaragua,NIC,2021 [YR2021],..
Niger,NER,2021 [YR2021],..
Nigeria,NGA,2021 [YR2021],..
North Macedonia,MKD,2021 [YR2021],..
Northern Mariana Islands,MNP,2021 [YR2021],..
Norway,NOR,2021 [YR2021],..
Oman,OMN,2021 [YR2021],..
Pakistan,PAK,2021 [YR2021],..
Palau,PLW,2021 [YR2021],..
Panama,PAN,2021 [YR2021],50.9
Papua New Guinea,PNG,2021 [YR2021],..
Paraguay,PRY,2021 [YR2021],42.9
Peru,PER,2021 [YR2021],40.2
Philippines,PHL,2021 [YR2021],40.7
Poland,POL,2021 [YR2021],..
Portugal,PRT,2021 [YR2021],..
Puerto Rico,PRI,2021 [YR2021],..
Qatar,QAT,2021 [YR2021],..
Romania,ROU,2021 [YR2021],..
Russian Federation,RUS,2021 [YR2021],..
Rwanda,RWA,2021 [YR2021],..
Samoa,WSM,2021 [YR2021],..
San Marino,SMR,2021 [YR2021],..
Sao Tome and Principe,STP,2021 [YR2021],..
Saudi Arabia,SAU,2021 [YR2021],..
Senegal,SEN,2021 [YR2021],..
Serbia,SRB,2021 [YR2021],..
Seychelles,SYC,2021 [YR2021],..
Sierra Leone,SLE,2021 [YR2021],..
Singapore,SGP,2021 [YR2021],..
Sint Maarten (Dutch part),SXM,2021 [YR2021],..
Slovak Republic,SVK,2021 [YR2021],..
Slovenia,SVN,2021 [YR2021],..
Solomon Islands,SLB,2021 [YR2021],..
Somalia,SOM,2021 [YR2021],..
South Africa,ZAF,2021 [YR2021],..
South Sudan,SSD,2021 [YR2021],..
Spain,ESP,2021 [YR2021],..
Sri Lanka,LKA,2021 [YR2021],..
St. Kitts and Nevis,KNA,2021 [YR2021],..
St. Lucia,LCA,2021 [YR2021],..
St. Martin (French part),MAF,2021 [YR2021],..
St. Vincent and the Grenadines,VCT,2021 [YR2021],..
Sudan,SDN,2021 [YR2021],..
Suriname,SUR,2021 [YR2021],..
Sweden,SWE,2021 [YR2021],..
Switzerland,CHE,2021 [YR2021],..
Syrian Arab Republic,SYR,2021 [YR2021],..
Tajikistan,TJK,2021 [YR2021],..
Tanzania,TZA,2021 [YR2021],..
Thailand,THA,2021 [YR2021],35.1
Timor-Leste,TLS,2021 [YR2021],..
Togo,TGO,2021 [YR2021],..
Tonga,TON,2021 [YR2021],..
Trinidad and Tobago,TTO,2021 [YR2021],..
Tunisia,TUN,2021 [YR2021],..
Turkiye,TUR,2021 [YR2021],..
Turkmenistan,TKM,2021 [YR2021],..
Turks and Caicos Islands,TCA,2021 [YR2021],..
Tuvalu,TUV,2021 [YR2021],..
Uganda,UGA,2021 [YR2021],..
Ukraine,UKR,2021 [YR2021],..
United Arab Emirates,ARE,2021 [YR2021],..
United Kingdom,GBR,2021 [YR2021],..
United States,USA,2021 [YR2021],39.8
Uruguay,URY,2021 [YR2021],40.8
Uzbekistan,UZB,2021 [YR2021],..
Vanuatu,VUT,2021 [YR2021],..
"Venezuela, RB",VEN,2021 [YR2021],..
Viet Nam,VNM,2021 [YR2021],..
Virgin Islands (U.S.),VIR,2021 [YR2021],..
West Bank and Gaza,PSE,2021 [YR2021],..
"Yemen, Rep.",YEM,2021 [YR2021],..
Zambia,ZMB,2021 [YR2021],..
Zimbabwe,ZWE,2021 [YR2021],..
,,2021 [YR2021],
,,2021 [YR2021],
,,2021 [YR2021],
,,2021 [YR2021],
,,2021 [YR2021],
Afghanistan,AFG,2022 [YR2022],..
Albania,ALB,2022 [YR2022],..
Algeria,DZA,2022 [YR2022],..
American Samoa,ASM,2022 [YR2022],..
Andorra,AND,2022 [YR2022],..
Angola,AGO,2022 [YR2022],..
Antigua and Barbuda,ATG,2022 [YR2022],..
Argentina,ARG,2022 [YR2022],..
Armenia,ARM,2022 [YR2022],..
Aruba,ABW,2022 [YR2022],..
Australia,AUS,2022 [YR2022],..
Austria,AUT,2022 [YR2022],..
Azerbaijan,AZE,2022 [YR2022],..
"Bahamas, The",BHS,2022 [YR2022],..
Bahrain,BHR,2022 [YR2022],..
Bangladesh,BGD,2022 [YR2022],31.8
Barbados,BRB,2022 [YR2022],..
Belarus,BLR,2022 [YR2022],..
Belgium,BEL,2022 [YR2022],..
Belize,BLZ,2022 [YR2022],..
Benin,BEN,2022 [YR2022],..
Bermuda,BMU,2022 [YR2022],..
Bhutan,BTN,2022 [YR2022],28.5
Bolivia,BOL,2022 [YR2022],..
Bosnia and Herzegovina,BIH,2022 [YR2022],..
Botswana,BWA,2022 [YR2022],..
Brazil,BRA,2022 [YR2022],..
British Virgin Islands,VGB,2022 [YR2022],..
Brunei Darussalam,BRN,2022 [YR2022],..
Bulgaria,BGR,2022 [YR2022],..
Burkina Faso,BFA,2022 [YR2022],..
Burundi,BDI,2022 [YR2022],..
Cabo Verde,CPV,2022 [YR2022],..
Cambodia,KHM,2022 [YR2022],..
Cameroon,CMR,2022 [YR2022],..
Canada,CAN,2022 [YR2022],..
Cayman Islands,CYM,2022 [YR2022],..
Central African Republic,CAF,2022 [YR2022],..
Chad,TCD,2022 [YR2022],..
Channel Islands,CHI,2022 [YR2022],..
Chile,CHL,2022 [YR2022],..
China,CHN,2022 [YR2022],..
Colombia,COL,2022 [YR2022],..
Comoros,COM,2022 [YR2022],..
"Congo, Dem. Rep.",COD,2022 [YR2022],..
"Congo, Rep.",COG,2022 [YR2022],..
Costa Rica,CRI,2022 [YR2022],47.2
Cote d'Ivoire,CIV,2022 [YR2022],..
Croatia,HRV,2022 [YR2022],..
Cuba,CUB,2022 [YR2022],..
Curacao,CUW,2022 [YR2022],..
Cyprus,CYP,2022 [YR2022],..
Czechia,CZE,2022 [YR2022],..
Denmark,DNK,2022 [YR2022],..
Djibouti,DJI,2022 [YR2022],..
Dominica,DMA,2022 [YR2022],..
Dominican Republic,DOM,2022 [YR2022],..
Ecuador,ECU,2022 [YR2022],45.5
"Egypt, Arab Rep.",EGY,2022 [YR2022],..
El Salvador,SLV,2022 [YR2022],38.8
Equatorial Guinea,GNQ,2022 [YR2022],..
Eritrea,ERI,2022 [YR2022],..
Estonia,EST,2022 [YR2022],..
Eswatini,SWZ,2022 [YR2022],..
Ethiopia,ETH,2022 [YR2022],..
Faroe Islands,FRO,2022 [YR2022],..
Fiji,FJI,2022 [YR2022],..
Finland,FIN,2022 [YR2022],..
France,FRA,2022 [YR2022],..
French Polynesia,PYF,2022 [YR2022],..
Gabon,GAB,2022 [YR2022],..
"Gambia, The",GMB,2022 [YR2022],..
Georgia,GEO,2022 [YR2022],..
Germany,DEU,2022 [YR2022],..
Ghana,GHA,2022 [YR2022],..
Gibraltar,GIB,2022 [YR2022],..
Greece,GRC,2022 [YR2022],..
Greenland,GRL,2022 [YR2022],..
Grenada,GRD,2022 [YR2022],..
Guam,GUM,2022 [YR2022],..
Guatemala,GTM,2022 [YR2022],..
Guinea,GIN,2022 [YR2022],..
Guinea-Bissau,GNB,2022 [YR2022],..
Guyana,GUY,2022 [YR2022],..
Haiti,HTI,2022 [YR2022],..
Honduras,HND,2022 [YR2022],..
"Hong Kong SAR, China",HKG,2022 [YR2022],..
Hungary,HUN,2022 [YR2022],..
Iceland,ISL,2022 [YR2022],..
India,IND,2022 [YR2022],..
Indonesia,IDN,2022 [YR2022],37.9
"Iran, Islamic Rep.",IRN,2022 [YR2022],..
Iraq,IRQ,2022 [YR2022],..
Ireland,IRL,2022 [YR2022],..
Isle of Man,IMN,2022 [YR2022],..
Israel,ISR,2022 [YR2022],..
Italy,ITA,2022 [YR2022],..
Jamaica,JAM,2022 [YR2022],..
Japan,JPN,2022 [YR2022],..
Jordan,JOR,2022 [YR2022],..
Kazakhstan,KAZ,2022 [YR2022],..
Kenya,KEN,2022 [YR2022],..
Kiribati,KIR,2022 [YR2022],..
"Korea, Dem. People's Rep.",PRK,2022 [YR2022],..
"Korea, Rep.",KOR,2022 [YR2022],..
Kosovo,XKX,2022 [YR2022],..
Kuwait,KWT,2022 [YR2022],..
Kyrgyz Republic,KGZ,2022 [YR2022],..
Lao PDR,LAO,2022 [YR2022],..
Latvia,LVA,2022 [YR2022],..
Lebanon,LBN,2022 [YR2022],..
Lesotho,LSO,2022 [YR2022],..
Liberia,LBR,2022 [YR2022],..
Libya,LBY,2022 [YR2022],..
Liechtenstein,LIE,2022 [YR2022],..
Lithuania,LTU,2022 [YR2022],..
Luxembourg,LUX,2022 [YR2022],..
"Macao SAR, China",MAC,2022 [YR2022],..
Madagascar,MDG,2022 [YR2022],..
Malawi,MWI,2022 [YR2022],..
Malaysia,MYS,2022 [YR2022],..
Maldives,MDV,2022 [YR2022],..
Mali,MLI,2022 [YR2022],..
Malta,MLT,2022 [YR2022],..
Marshall Islands,MHL,2022 [YR2022],..
Mauritania,MRT,2022 [YR2022],..
Mauritius,MUS,2022 [YR2022],..
Mexico,MEX,2022 [YR2022],..
"Micronesia, Fed. Sts.",FSM,2022 [YR2022],..
Moldova,MDA,2022 [YR2022],..
Monaco,MCO,2022 [YR2022],..
Mongolia,MNG,2022 [YR2022],..
Montenegro,MNE,2022 [YR2022],..
Morocco,MAR,2022 [YR2022],..
Mozambique,MOZ,2022 [YR2022],..
Myanmar,MMR,2022 [YR2022],..
Namibia,NAM,2022 [YR2022],..
Nauru,NRU,2022 [YR2022],..
Nepal,NPL,2022 [YR2022],..
Netherlands,NLD,2022 [YR2022],..
New Caledonia,NCL,2022 [YR2022],..
New Zealand,NZL,2022 [YR2022],..
Nicaragua,NIC,2022 [YR2022],..
Niger,NER,2022 [YR2022],..
Nigeria,NGA,2022 [YR2022],..
North Macedonia,MKD,2022 [YR2022],..
Northern Mariana Islands,MNP,2022 [YR2022],..
Norway,NOR,2022 [YR2022],..
Oman,OMN,2022 [YR2022],..
Pakistan,PAK,2022 [YR2022],..
Palau,PLW,2022 [YR2022],..
Panama,PAN,2022 [YR2022],..
Papua New Guinea,PNG,2022 [YR2022],..
Paraguay,PRY,2022 [YR2022],45.1
Peru,PER,2022 [YR2022],..
Philippines,PHL,2022 [YR2022],..
Poland,POL,2022 [YR2022],..
Portugal,PRT,2022 [YR2022],..
Puerto Rico,PRI,2022 [YR2022],..
Qatar,QAT,2022 [YR2022],..
Romania,ROU,2022 [YR2022],..
Russian Federation,RUS,2022 [YR2022],..
Rwanda,RWA,2022 [YR2022],..
Samoa,WSM,2022 [YR2022],..
San Marino,SMR,2022 [YR2022],..
Sao Tome and Principe,STP,2022 [YR2022],..
Saudi Arabia,SAU,2022 [YR2022],..
Senegal,SEN,2022 [YR2022],..
Serbia,SRB,2022 [YR2022],..
Seychelles,SYC,2022 [YR2022],..
Sierra Leone,SLE,2022 [YR2022],..
Singapore,SGP,2022 [YR2022],..
Sint Maarten (Dutch part),SXM,2022 [YR2022],..
Slovak Republic,SVK,2022 [YR2022],..
Slovenia,SVN,2022 [YR2022],..
Solomon Islands,SLB,2022 [YR2022],..
Somalia,SOM,2022 [YR2022],..
South Africa,ZAF,2022 [YR2022],..
South Sudan,SSD,2022 [YR2022],..
Spain,ESP,2022 [YR2022],..
Sri Lanka,LKA,2022 [YR2022],..
St. Kitts and Nevis,KNA,2022 [YR2022],..
St. Lucia,LCA,2022 [YR2022],..
St. Martin (French part),MAF,2022 [YR2022],..
St. Vincent and the Grenadines,VCT,2022 [YR2022],..
Sudan,SDN,2022 [YR2022],..
Suriname,SUR,2022 [YR2022],..
Sweden,SWE,2022 [YR2022],..
Switzerland,CHE,2022 [YR2022],..
Syrian Arab Republic,SYR,2022 [YR2022],..
Tajikistan,TJK,2022 [YR2022],..
Tanzania,TZA,2022 [YR2022],..
Thailand,THA,2022 [YR2022],..
Timor-Leste,TLS,2022 [YR2022],..
Togo,TGO,2022 [YR2022],..
Tonga,TON,2022 [YR2022],..
Trinidad and Tobago,TTO,2022 [YR2022],..
Tunisia,TUN,2022 [YR2022],..
Turkiye,TUR,2022 [YR2022],..
Turkmenistan,TKM,2022 [YR2022],..
Turks and Caicos Islands,TCA,2022 [YR2022],..
Tuvalu,TUV,2022 [YR2022],..
Uganda,UGA,2022 [YR2022],..
Ukraine,UKR,2022 [YR2022],..
United Arab Emirates,ARE,2022 [YR2022],..
United Kingdom,GBR,2022 [YR2022],..
United States,USA,2022 [YR2022],..
Uruguay,URY,2022 [YR2022],..
Uzbekistan,UZB,2022 [YR2022],..
Vanuatu,VUT,2022 [YR2022],..
"Venezuela, RB",VEN,2022 [YR2022],..
Viet Nam,VNM,2022 [YR2022],..
Virgin Islands (U.S.),VIR,2022 [YR2022],..
West Bank and Gaza,PSE,2022 [YR2022],..
"Yemen, Rep.",YEM,2022 [YR2022],..
Zambia,ZMB,2022 [YR2022],..
Zimbabwe,ZWE,2022 [YR2022],..
,,2022 [YR2022],
,,2022 [YR2022],
,,2022 [YR2022],
,,2022 [YR2022],
,,2022 [YR2022],
